"year","age"
2001,0
2001,2
2001,2
2001,6
2001,16
2001,18
2001,25
2001,30
2001,32
2001,34
2001,37
2001,37
2001,37
2001,40
2001,40
2001,41
2001,43
2001,44
2001,44
2001,45
2001,46
2001,47
2001,48
2001,49
2001,50
2001,51
2001,52
2001,52
2001,52
2001,53
2001,53
2001,53
2001,53
2001,54
2001,56
2001,56
2001,58
2001,58
2001,59
2001,59
2001,60
2001,61
2001,61
2001,61
2001,62
2001,62
2001,63
2001,63
2001,64
2001,64
2001,64
2001,65
2001,65
2001,66
2001,66
2001,69
2001,69
2001,70
2001,70
2001,70
2001,71
2001,71
2001,72
2001,72
2001,72
2001,73
2001,73
2001,73
2001,73
2001,73
2001,75
2001,75
2001,75
2001,76
2001,76
2001,77
2001,77
2001,78
2001,78
2001,78
2001,78
2001,78
2001,79
2001,79
2001,79
2001,79
2001,79
2001,80
2001,80
2001,80
2001,81
2001,81
2001,81
2001,81
2001,81
2001,82
2001,82
2001,82
2001,82
2001,82
2001,82
2001,83
2001,83
2001,83
2001,83
2001,83
2001,83
2001,84
2001,84
2001,84
2001,84
2001,85
2001,85
2001,85
2001,86
2001,86
2001,86
2001,87
2001,87
2001,87
2001,87
2001,88
2001,88
2001,88
2001,89
2001,89
2001,89
2001,90
2001,90
2001,91
2001,91
2001,91
2001,91
2001,92
2001,93
2001,93
2001,93
2001,96
2001,98
2001,100
2002,3
2002,9
2002,17
2002,19
2002,23
2002,25
2002,26
2002,27
2002,29
2002,29
2002,30
2002,31
2002,34
2002,35
2002,35
2002,37
2002,38
2002,39
2002,39
2002,39
2002,40
2002,40
2002,40
2002,41
2002,43
2002,43
2002,44
2002,46
2002,46
2002,47
2002,47
2002,47
2002,47
2002,47
2002,48
2002,48
2002,48
2002,49
2002,49
2002,50
2002,51
2002,52
2002,52
2002,52
2002,52
2002,53
2002,54
2002,54
2002,54
2002,54
2002,56
2002,56
2002,56
2002,56
2002,57
2002,57
2002,57
2002,57
2002,57
2002,57
2002,58
2002,58
2002,59
2002,59
2002,59
2002,60
2002,61
2002,62
2002,62
2002,63
2002,64
2002,64
2002,64
2002,64
2002,64
2002,64
2002,64
2002,65
2002,65
2002,65
2002,65
2002,65
2002,65
2002,66
2002,66
2002,66
2002,67
2002,67
2002,67
2002,68
2002,68
2002,68
2002,68
2002,68
2002,69
2002,69
2002,69
2002,70
2002,70
2002,71
2002,71
2002,71
2002,71
2002,72
2002,72
2002,72
2002,72
2002,72
2002,73
2002,73
2002,73
2002,73
2002,73
2002,74
2002,74
2002,74
2002,74
2002,74
2002,75
2002,75
2002,76
2002,76
2002,76
2002,76
2002,76
2002,76
2002,76
2002,77
2002,77
2002,77
2002,77
2002,77
2002,77
2002,77
2002,78
2002,78
2002,78
2002,78
2002,78
2002,78
2002,78
2002,79
2002,79
2002,79
2002,79
2002,79
2002,79
2002,79
2002,79
2002,79
2002,80
2002,80
2002,80
2002,80
2002,80
2002,80
2002,80
2002,80
2002,80
2002,80
2002,81
2002,81
2002,81
2002,81
2002,81
2002,81
2002,81
2002,81
2002,81
2002,81
2002,82
2002,82
2002,82
2002,82
2002,82
2002,82
2002,83
2002,83
2002,83
2002,83
2002,83
2002,83
2002,83
2002,84
2002,84
2002,84
2002,84
2002,84
2002,84
2002,84
2002,84
2002,84
2002,85
2002,85
2002,85
2002,85
2002,85
2002,85
2002,85
2002,85
2002,85
2002,85
2002,85
2002,86
2002,86
2002,86
2002,86
2002,86
2002,86
2002,86
2002,86
2002,87
2002,87
2002,87
2002,87
2002,88
2002,88
2002,88
2002,88
2002,88
2002,88
2002,89
2002,89
2002,89
2002,89
2002,89
2002,89
2002,90
2002,90
2002,90
2002,90
2002,90
2002,91
2002,91
2002,91
2002,91
2002,91
2002,92
2002,92
2002,92
2002,92
2002,92
2002,94
2002,94
2002,94
2002,94
2002,95
2002,95
2002,95
2002,96
2002,98
2002,99
2003,4
2003,6
2003,11
2003,16
2003,19
2003,20
2003,20
2003,22
2003,24
2003,26
2003,28
2003,28
2003,29
2003,29
2003,33
2003,34
2003,34
2003,35
2003,36
2003,37
2003,38
2003,38
2003,38
2003,38
2003,38
2003,38
2003,38
2003,39
2003,41
2003,41
2003,41
2003,43
2003,45
2003,45
2003,47
2003,52
2003,52
2003,53
2003,53
2003,53
2003,54
2003,54
2003,54
2003,54
2003,54
2003,55
2003,56
2003,56
2003,56
2003,57
2003,57
2003,58
2003,58
2003,59
2003,59
2003,59
2003,60
2003,60
2003,61
2003,61
2003,61
2003,61
2003,62
2003,63
2003,63
2003,63
2003,64
2003,64
2003,65
2003,65
2003,65
2003,66
2003,66
2003,66
2003,66
2003,66
2003,66
2003,66
2003,67
2003,67
2003,67
2003,67
2003,67
2003,68
2003,68
2003,68
2003,68
2003,68
2003,69
2003,69
2003,69
2003,70
2003,70
2003,70
2003,70
2003,70
2003,70
2003,71
2003,71
2003,71
2003,71
2003,71
2003,71
2003,71
2003,72
2003,72
2003,72
2003,72
2003,72
2003,72
2003,72
2003,73
2003,73
2003,73
2003,73
2003,73
2003,73
2003,73
2003,73
2003,73
2003,74
2003,74
2003,74
2003,74
2003,74
2003,75
2003,75
2003,75
2003,75
2003,76
2003,76
2003,77
2003,77
2003,77
2003,77
2003,77
2003,77
2003,77
2003,77
2003,77
2003,77
2003,77
2003,78
2003,78
2003,78
2003,78
2003,78
2003,78
2003,79
2003,79
2003,79
2003,79
2003,79
2003,79
2003,79
2003,79
2003,79
2003,79
2003,79
2003,79
2003,80
2003,80
2003,80
2003,80
2003,80
2003,80
2003,81
2003,81
2003,81
2003,81
2003,81
2003,81
2003,81
2003,82
2003,82
2003,82
2003,82
2003,82
2003,82
2003,82
2003,83
2003,83
2003,83
2003,83
2003,83
2003,83
2003,83
2003,83
2003,83
2003,83
2003,84
2003,84
2003,84
2003,84
2003,84
2003,84
2003,84
2003,84
2003,85
2003,85
2003,85
2003,85
2003,85
2003,86
2003,86
2003,86
2003,86
2003,86
2003,86
2003,86
2003,87
2003,87
2003,87
2003,87
2003,87
2003,87
2003,87
2003,87
2003,88
2003,88
2003,88
2003,88
2003,89
2003,89
2003,89
2003,89
2003,90
2003,90
2003,90
2003,90
2003,90
2003,90
2003,90
2003,90
2003,91
2003,91
2003,91
2003,91
2003,92
2003,92
2003,92
2003,92
2003,92
2003,92
2003,93
2003,93
2003,93
2003,94
2003,94
2003,94
2003,96
2003,96
2003,NA
2004,2
2004,2
2004,4
2004,4
2004,6
2004,8
2004,23
2004,23
2004,26
2004,29
2004,30
2004,32
2004,34
2004,35
2004,35
2004,35
2004,36
2004,37
2004,38
2004,39
2004,41
2004,41
2004,42
2004,43
2004,43
2004,43
2004,43
2004,44
2004,44
2004,45
2004,45
2004,45
2004,46
2004,47
2004,47
2004,48
2004,48
2004,49
2004,49
2004,50
2004,50
2004,50
2004,51
2004,52
2004,52
2004,52
2004,52
2004,52
2004,53
2004,54
2004,54
2004,54
2004,54
2004,54
2004,55
2004,55
2004,55
2004,55
2004,55
2004,55
2004,55
2004,55
2004,55
2004,55
2004,56
2004,56
2004,56
2004,56
2004,57
2004,57
2004,57
2004,57
2004,58
2004,58
2004,58
2004,59
2004,59
2004,59
2004,60
2004,60
2004,61
2004,61
2004,62
2004,62
2004,62
2004,62
2004,62
2004,63
2004,63
2004,63
2004,63
2004,63
2004,63
2004,64
2004,64
2004,64
2004,65
2004,65
2004,65
2004,65
2004,65
2004,66
2004,66
2004,66
2004,66
2004,67
2004,67
2004,68
2004,68
2004,68
2004,68
2004,68
2004,68
2004,69
2004,69
2004,69
2004,69
2004,69
2004,69
2004,69
2004,69
2004,69
2004,70
2004,70
2004,70
2004,70
2004,71
2004,71
2004,71
2004,71
2004,72
2004,72
2004,72
2004,72
2004,72
2004,72
2004,73
2004,73
2004,73
2004,73
2004,73
2004,74
2004,74
2004,74
2004,74
2004,74
2004,75
2004,75
2004,75
2004,75
2004,75
2004,75
2004,75
2004,75
2004,76
2004,76
2004,76
2004,76
2004,76
2004,76
2004,76
2004,76
2004,77
2004,77
2004,77
2004,77
2004,77
2004,78
2004,78
2004,78
2004,78
2004,78
2004,78
2004,78
2004,79
2004,79
2004,79
2004,79
2004,79
2004,79
2004,79
2004,79
2004,79
2004,80
2004,80
2004,80
2004,80
2004,80
2004,80
2004,80
2004,81
2004,81
2004,81
2004,81
2004,81
2004,81
2004,81
2004,81
2004,82
2004,82
2004,82
2004,82
2004,82
2004,82
2004,83
2004,83
2004,83
2004,83
2004,83
2004,83
2004,83
2004,83
2004,83
2004,83
2004,84
2004,84
2004,84
2004,84
2004,84
2004,84
2004,84
2004,84
2004,84
2004,84
2004,84
2004,84
2004,84
2004,84
2004,84
2004,84
2004,85
2004,85
2004,85
2004,85
2004,85
2004,85
2004,86
2004,86
2004,86
2004,86
2004,86
2004,86
2004,86
2004,87
2004,87
2004,87
2004,87
2004,87
2004,87
2004,87
2004,87
2004,88
2004,88
2004,88
2004,88
2004,89
2004,89
2004,89
2004,89
2004,89
2004,89
2004,90
2004,90
2004,90
2004,90
2004,90
2004,91
2004,91
2004,91
2004,91
2004,92
2004,92
2004,92
2004,93
2004,93
2004,93
2004,94
2004,95
2004,95
2004,95
2004,96
2004,96
2004,96
2004,96
2005,0
2005,1
2005,1
2005,2
2005,2
2005,3
2005,4
2005,5
2005,7
2005,7
2005,10
2005,13
2005,13
2005,14
2005,16
2005,18
2005,21
2005,21
2005,25
2005,27
2005,28
2005,31
2005,33
2005,34
2005,35
2005,37
2005,37
2005,37
2005,38
2005,38
2005,38
2005,39
2005,40
2005,40
2005,40
2005,42
2005,44
2005,45
2005,45
2005,46
2005,48
2005,48
2005,48
2005,49
2005,49
2005,49
2005,50
2005,51
2005,51
2005,52
2005,52
2005,53
2005,53
2005,53
2005,53
2005,53
2005,54
2005,54
2005,54
2005,55
2005,56
2005,56
2005,56
2005,56
2005,56
2005,58
2005,59
2005,59
2005,59
2005,59
2005,59
2005,60
2005,60
2005,60
2005,61
2005,61
2005,61
2005,61
2005,61
2005,62
2005,62
2005,62
2005,62
2005,63
2005,63
2005,63
2005,63
2005,63
2005,63
2005,64
2005,64
2005,64
2005,64
2005,64
2005,64
2005,64
2005,65
2005,65
2005,65
2005,66
2005,66
2005,66
2005,66
2005,67
2005,67
2005,67
2005,67
2005,67
2005,67
2005,67
2005,68
2005,68
2005,68
2005,68
2005,68
2005,68
2005,68
2005,68
2005,69
2005,69
2005,69
2005,69
2005,69
2005,69
2005,70
2005,70
2005,70
2005,70
2005,70
2005,70
2005,70
2005,70
2005,70
2005,71
2005,71
2005,71
2005,71
2005,71
2005,72
2005,72
2005,72
2005,72
2005,72
2005,72
2005,72
2005,73
2005,73
2005,73
2005,73
2005,73
2005,73
2005,73
2005,74
2005,74
2005,74
2005,74
2005,74
2005,74
2005,74
2005,74
2005,75
2005,75
2005,75
2005,75
2005,75
2005,75
2005,75
2005,75
2005,75
2005,75
2005,75
2005,75
2005,76
2005,76
2005,76
2005,76
2005,76
2005,76
2005,76
2005,76
2005,76
2005,77
2005,77
2005,77
2005,77
2005,77
2005,77
2005,77
2005,78
2005,78
2005,78
2005,78
2005,78
2005,78
2005,79
2005,79
2005,79
2005,79
2005,79
2005,79
2005,79
2005,79
2005,79
2005,79
2005,79
2005,80
2005,80
2005,80
2005,80
2005,80
2005,80
2005,80
2005,80
2005,80
2005,80
2005,80
2005,80
2005,80
2005,80
2005,80
2005,81
2005,81
2005,81
2005,81
2005,81
2005,82
2005,82
2005,82
2005,82
2005,82
2005,82
2005,82
2005,83
2005,83
2005,83
2005,83
2005,83
2005,83
2005,83
2005,83
2005,83
2005,83
2005,83
2005,83
2005,83
2005,83
2005,83
2005,83
2005,83
2005,84
2005,84
2005,84
2005,84
2005,84
2005,84
2005,84
2005,84
2005,84
2005,84
2005,84
2005,84
2005,84
2005,84
2005,84
2005,84
2005,84
2005,84
2005,84
2005,84
2005,84
2005,85
2005,85
2005,85
2005,85
2005,85
2005,85
2005,85
2005,85
2005,85
2005,85
2005,85
2005,86
2005,86
2005,86
2005,86
2005,86
2005,86
2005,86
2005,86
2005,86
2005,86
2005,86
2005,86
2005,86
2005,86
2005,87
2005,87
2005,87
2005,87
2005,87
2005,87
2005,87
2005,87
2005,88
2005,88
2005,88
2005,88
2005,88
2005,88
2005,88
2005,88
2005,89
2005,89
2005,89
2005,89
2005,89
2005,89
2005,89
2005,89
2005,89
2005,89
2005,89
2005,89
2005,89
2005,89
2005,89
2005,90
2005,90
2005,90
2005,90
2005,90
2005,90
2005,90
2005,90
2005,91
2005,91
2005,91
2005,91
2005,91
2005,92
2005,92
2005,92
2005,92
2005,93
2005,93
2005,94
2005,94
2005,95
2005,95
2005,95
2005,95
2005,97
2005,97
2005,97
2005,97
2005,97
2005,97
2005,98
2005,99
2005,99
2005,99
2005,100
2005,100
2005,102
2006,3
2006,10
2006,13
2006,14
2006,20
2006,20
2006,21
2006,23
2006,24
2006,27
2006,29
2006,30
2006,30
2006,31
2006,32
2006,32
2006,33
2006,33
2006,34
2006,34
2006,34
2006,34
2006,36
2006,37
2006,38
2006,38
2006,38
2006,38
2006,38
2006,39
2006,40
2006,40
2006,42
2006,42
2006,43
2006,43
2006,43
2006,44
2006,45
2006,46
2006,46
2006,46
2006,46
2006,46
2006,47
2006,47
2006,48
2006,48
2006,48
2006,49
2006,49
2006,49
2006,50
2006,50
2006,50
2006,50
2006,51
2006,52
2006,52
2006,53
2006,53
2006,53
2006,54
2006,54
2006,54
2006,55
2006,55
2006,55
2006,55
2006,56
2006,57
2006,57
2006,57
2006,57
2006,57
2006,57
2006,57
2006,58
2006,58
2006,58
2006,58
2006,58
2006,58
2006,58
2006,59
2006,59
2006,59
2006,59
2006,59
2006,60
2006,60
2006,60
2006,61
2006,61
2006,62
2006,62
2006,62
2006,62
2006,62
2006,62
2006,63
2006,63
2006,63
2006,63
2006,63
2006,63
2006,64
2006,64
2006,64
2006,64
2006,64
2006,65
2006,65
2006,65
2006,66
2006,66
2006,67
2006,67
2006,67
2006,67
2006,67
2006,68
2006,68
2006,68
2006,69
2006,69
2006,69
2006,69
2006,69
2006,70
2006,70
2006,71
2006,71
2006,71
2006,71
2006,72
2006,72
2006,72
2006,73
2006,73
2006,73
2006,73
2006,73
2006,73
2006,73
2006,73
2006,73
2006,74
2006,74
2006,74
2006,74
2006,74
2006,75
2006,75
2006,75
2006,75
2006,75
2006,75
2006,76
2006,76
2006,76
2006,76
2006,76
2006,76
2006,76
2006,76
2006,76
2006,76
2006,77
2006,77
2006,77
2006,77
2006,77
2006,77
2006,77
2006,77
2006,78
2006,78
2006,78
2006,78
2006,78
2006,78
2006,78
2006,78
2006,78
2006,79
2006,79
2006,79
2006,79
2006,79
2006,79
2006,79
2006,79
2006,79
2006,80
2006,80
2006,80
2006,80
2006,80
2006,80
2006,80
2006,80
2006,80
2006,80
2006,80
2006,80
2006,80
2006,80
2006,81
2006,81
2006,81
2006,81
2006,81
2006,81
2006,81
2006,81
2006,81
2006,81
2006,81
2006,81
2006,81
2006,81
2006,81
2006,82
2006,82
2006,82
2006,82
2006,82
2006,82
2006,82
2006,82
2006,82
2006,82
2006,83
2006,83
2006,83
2006,83
2006,83
2006,83
2006,83
2006,83
2006,83
2006,83
2006,83
2006,83
2006,83
2006,83
2006,83
2006,83
2006,83
2006,83
2006,83
2006,83
2006,83
2006,83
2006,83
2006,83
2006,83
2006,83
2006,84
2006,84
2006,84
2006,84
2006,84
2006,84
2006,84
2006,84
2006,84
2006,84
2006,84
2006,84
2006,84
2006,84
2006,84
2006,84
2006,85
2006,85
2006,85
2006,85
2006,85
2006,85
2006,85
2006,86
2006,86
2006,86
2006,86
2006,86
2006,86
2006,86
2006,87
2006,87
2006,87
2006,87
2006,87
2006,88
2006,88
2006,88
2006,88
2006,88
2006,88
2006,88
2006,88
2006,88
2006,88
2006,88
2006,88
2006,88
2006,88
2006,88
2006,88
2006,88
2006,88
2006,88
2006,89
2006,89
2006,89
2006,89
2006,89
2006,89
2006,89
2006,89
2006,89
2006,89
2006,89
2006,90
2006,90
2006,90
2006,90
2006,90
2006,90
2006,90
2006,91
2006,91
2006,91
2006,91
2006,91
2006,91
2006,91
2006,92
2006,92
2006,92
2006,92
2006,92
2006,92
2006,92
2006,92
2006,92
2006,93
2006,93
2006,93
2006,94
2006,94
2006,94
2006,94
2006,95
2006,96
2006,96
2006,97
2006,98
2006,98
2006,98
2006,104
2006,110
2007,1
2007,2
2007,2
2007,3
2007,3
2007,6
2007,7
2007,7
2007,8
2007,8
2007,17
2007,21
2007,25
2007,27
2007,27
2007,27
2007,28
2007,28
2007,29
2007,31
2007,33
2007,33
2007,33
2007,33
2007,35
2007,35
2007,37
2007,37
2007,38
2007,38
2007,38
2007,38
2007,38
2007,38
2007,40
2007,42
2007,42
2007,42
2007,43
2007,43
2007,43
2007,44
2007,44
2007,46
2007,46
2007,48
2007,49
2007,49
2007,49
2007,50
2007,50
2007,50
2007,50
2007,51
2007,51
2007,51
2007,51
2007,51
2007,52
2007,52
2007,52
2007,52
2007,52
2007,52
2007,52
2007,52
2007,52
2007,53
2007,53
2007,54
2007,54
2007,54
2007,55
2007,55
2007,56
2007,56
2007,56
2007,56
2007,56
2007,56
2007,56
2007,57
2007,57
2007,57
2007,57
2007,57
2007,58
2007,58
2007,59
2007,59
2007,59
2007,59
2007,59
2007,60
2007,60
2007,60
2007,60
2007,61
2007,61
2007,62
2007,62
2007,62
2007,62
2007,63
2007,63
2007,63
2007,64
2007,64
2007,64
2007,64
2007,64
2007,64
2007,64
2007,65
2007,65
2007,65
2007,65
2007,66
2007,66
2007,66
2007,66
2007,66
2007,67
2007,67
2007,67
2007,67
2007,67
2007,67
2007,67
2007,67
2007,68
2007,68
2007,68
2007,68
2007,68
2007,68
2007,68
2007,68
2007,68
2007,68
2007,69
2007,69
2007,69
2007,69
2007,69
2007,70
2007,70
2007,70
2007,70
2007,70
2007,71
2007,71
2007,71
2007,71
2007,71
2007,71
2007,71
2007,71
2007,71
2007,72
2007,72
2007,72
2007,72
2007,72
2007,72
2007,72
2007,72
2007,72
2007,72
2007,73
2007,73
2007,73
2007,73
2007,73
2007,73
2007,73
2007,74
2007,74
2007,74
2007,74
2007,74
2007,74
2007,74
2007,74
2007,74
2007,75
2007,75
2007,75
2007,75
2007,75
2007,75
2007,76
2007,76
2007,76
2007,76
2007,76
2007,76
2007,77
2007,77
2007,77
2007,77
2007,77
2007,77
2007,77
2007,77
2007,77
2007,77
2007,77
2007,77
2007,77
2007,78
2007,78
2007,78
2007,78
2007,78
2007,78
2007,78
2007,78
2007,78
2007,78
2007,78
2007,78
2007,78
2007,79
2007,79
2007,79
2007,79
2007,79
2007,79
2007,79
2007,79
2007,79
2007,79
2007,79
2007,80
2007,80
2007,80
2007,80
2007,80
2007,80
2007,80
2007,80
2007,80
2007,80
2007,80
2007,80
2007,80
2007,81
2007,81
2007,81
2007,81
2007,81
2007,81
2007,81
2007,81
2007,81
2007,81
2007,81
2007,81
2007,82
2007,82
2007,82
2007,82
2007,82
2007,82
2007,83
2007,83
2007,83
2007,83
2007,83
2007,83
2007,83
2007,83
2007,83
2007,83
2007,83
2007,84
2007,84
2007,84
2007,84
2007,84
2007,84
2007,84
2007,84
2007,84
2007,84
2007,84
2007,84
2007,84
2007,84
2007,85
2007,85
2007,85
2007,85
2007,85
2007,85
2007,85
2007,85
2007,85
2007,85
2007,85
2007,85
2007,86
2007,86
2007,86
2007,86
2007,86
2007,86
2007,86
2007,87
2007,87
2007,87
2007,87
2007,87
2007,87
2007,87
2007,87
2007,87
2007,87
2007,87
2007,87
2007,87
2007,88
2007,88
2007,88
2007,88
2007,88
2007,88
2007,88
2007,88
2007,89
2007,89
2007,89
2007,89
2007,89
2007,89
2007,89
2007,89
2007,90
2007,90
2007,90
2007,90
2007,90
2007,90
2007,91
2007,91
2007,91
2007,91
2007,91
2007,91
2007,91
2007,91
2007,92
2007,92
2007,92
2007,92
2007,92
2007,92
2007,92
2007,92
2007,92
2007,93
2007,93
2007,95
2007,95
2007,95
2007,95
2007,96
2007,96
2007,96
2007,97
2007,97
2007,99
2007,99
2008,2
2008,2
2008,3
2008,3
2008,3
2008,5
2008,8
2008,11
2008,21
2008,21
2008,24
2008,25
2008,26
2008,27
2008,28
2008,29
2008,32
2008,33
2008,34
2008,34
2008,34
2008,36
2008,36
2008,37
2008,37
2008,38
2008,40
2008,40
2008,41
2008,41
2008,41
2008,41
2008,43
2008,43
2008,43
2008,45
2008,45
2008,46
2008,46
2008,47
2008,48
2008,48
2008,48
2008,48
2008,49
2008,49
2008,51
2008,51
2008,52
2008,52
2008,52
2008,53
2008,53
2008,53
2008,53
2008,53
2008,53
2008,54
2008,54
2008,54
2008,54
2008,54
2008,54
2008,54
2008,55
2008,55
2008,55
2008,56
2008,56
2008,57
2008,57
2008,58
2008,58
2008,58
2008,58
2008,58
2008,58
2008,58
2008,58
2008,58
2008,59
2008,59
2008,59
2008,60
2008,60
2008,60
2008,60
2008,61
2008,61
2008,61
2008,61
2008,61
2008,61
2008,61
2008,61
2008,62
2008,62
2008,62
2008,62
2008,62
2008,62
2008,62
2008,62
2008,63
2008,63
2008,63
2008,63
2008,63
2008,63
2008,63
2008,63
2008,63
2008,63
2008,63
2008,64
2008,64
2008,64
2008,65
2008,65
2008,65
2008,65
2008,65
2008,65
2008,65
2008,66
2008,66
2008,66
2008,66
2008,66
2008,66
2008,66
2008,67
2008,67
2008,67
2008,67
2008,67
2008,67
2008,67
2008,67
2008,68
2008,68
2008,68
2008,68
2008,69
2008,69
2008,69
2008,69
2008,69
2008,69
2008,69
2008,69
2008,69
2008,69
2008,69
2008,70
2008,70
2008,70
2008,70
2008,70
2008,70
2008,71
2008,71
2008,71
2008,71
2008,72
2008,72
2008,72
2008,72
2008,72
2008,72
2008,72
2008,73
2008,73
2008,73
2008,73
2008,73
2008,73
2008,74
2008,74
2008,74
2008,74
2008,74
2008,74
2008,74
2008,74
2008,74
2008,75
2008,75
2008,75
2008,75
2008,75
2008,75
2008,75
2008,75
2008,75
2008,75
2008,76
2008,76
2008,76
2008,76
2008,76
2008,76
2008,76
2008,77
2008,77
2008,77
2008,77
2008,77
2008,77
2008,77
2008,77
2008,77
2008,77
2008,77
2008,77
2008,77
2008,78
2008,78
2008,78
2008,78
2008,78
2008,78
2008,78
2008,78
2008,78
2008,78
2008,78
2008,78
2008,78
2008,78
2008,79
2008,79
2008,79
2008,79
2008,79
2008,79
2008,79
2008,79
2008,79
2008,80
2008,80
2008,80
2008,80
2008,80
2008,80
2008,80
2008,80
2008,80
2008,80
2008,80
2008,80
2008,80
2008,80
2008,80
2008,81
2008,81
2008,81
2008,81
2008,81
2008,81
2008,81
2008,81
2008,81
2008,81
2008,82
2008,82
2008,82
2008,82
2008,82
2008,82
2008,82
2008,82
2008,82
2008,82
2008,82
2008,82
2008,82
2008,82
2008,82
2008,83
2008,83
2008,83
2008,83
2008,83
2008,83
2008,83
2008,83
2008,83
2008,83
2008,83
2008,83
2008,83
2008,84
2008,84
2008,84
2008,84
2008,84
2008,84
2008,84
2008,84
2008,84
2008,84
2008,84
2008,84
2008,85
2008,85
2008,85
2008,85
2008,85
2008,85
2008,85
2008,85
2008,85
2008,85
2008,85
2008,85
2008,85
2008,85
2008,85
2008,85
2008,86
2008,86
2008,86
2008,86
2008,86
2008,86
2008,86
2008,86
2008,86
2008,86
2008,86
2008,86
2008,86
2008,86
2008,86
2008,86
2008,87
2008,87
2008,87
2008,87
2008,87
2008,87
2008,87
2008,87
2008,87
2008,87
2008,87
2008,87
2008,87
2008,88
2008,88
2008,88
2008,88
2008,88
2008,88
2008,88
2008,88
2008,88
2008,89
2008,89
2008,89
2008,89
2008,89
2008,89
2008,89
2008,89
2008,90
2008,90
2008,90
2008,90
2008,90
2008,90
2008,90
2008,90
2008,90
2008,91
2008,91
2008,91
2008,91
2008,91
2008,91
2008,91
2008,91
2008,91
2008,91
2008,91
2008,92
2008,92
2008,92
2008,92
2008,92
2008,92
2008,92
2008,92
2008,92
2008,92
2008,93
2008,93
2008,93
2008,93
2008,94
2008,94
2008,94
2008,94
2008,95
2008,95
2008,95
2008,96
2008,97
2008,97
2008,98
2008,98
2008,99
2008,99
2008,100
2008,103
2008,105
2009,0
2009,3
2009,4
2009,5
2009,5
2009,7
2009,7
2009,15
2009,19
2009,21
2009,22
2009,25
2009,26
2009,26
2009,30
2009,30
2009,30
2009,30
2009,32
2009,32
2009,34
2009,34
2009,35
2009,35
2009,37
2009,38
2009,38
2009,38
2009,39
2009,39
2009,40
2009,41
2009,41
2009,41
2009,42
2009,42
2009,43
2009,44
2009,44
2009,45
2009,45
2009,45
2009,46
2009,46
2009,46
2009,47
2009,47
2009,48
2009,48
2009,49
2009,49
2009,49
2009,49
2009,49
2009,50
2009,50
2009,50
2009,50
2009,50
2009,50
2009,50
2009,51
2009,52
2009,52
2009,52
2009,53
2009,53
2009,53
2009,53
2009,54
2009,54
2009,54
2009,54
2009,54
2009,54
2009,54
2009,54
2009,55
2009,55
2009,55
2009,55
2009,56
2009,56
2009,56
2009,56
2009,57
2009,57
2009,57
2009,57
2009,57
2009,57
2009,58
2009,58
2009,58
2009,58
2009,58
2009,58
2009,58
2009,58
2009,58
2009,59
2009,59
2009,59
2009,59
2009,60
2009,60
2009,60
2009,60
2009,60
2009,60
2009,61
2009,61
2009,61
2009,62
2009,62
2009,62
2009,62
2009,62
2009,62
2009,62
2009,62
2009,63
2009,63
2009,63
2009,63
2009,63
2009,63
2009,63
2009,64
2009,64
2009,64
2009,64
2009,64
2009,64
2009,64
2009,64
2009,64
2009,64
2009,64
2009,64
2009,65
2009,65
2009,65
2009,65
2009,66
2009,66
2009,66
2009,66
2009,66
2009,66
2009,66
2009,66
2009,67
2009,67
2009,67
2009,67
2009,67
2009,67
2009,67
2009,67
2009,68
2009,68
2009,68
2009,68
2009,68
2009,68
2009,68
2009,68
2009,68
2009,69
2009,69
2009,69
2009,69
2009,69
2009,69
2009,69
2009,69
2009,69
2009,69
2009,69
2009,70
2009,70
2009,70
2009,70
2009,70
2009,70
2009,70
2009,70
2009,70
2009,70
2009,70
2009,71
2009,71
2009,71
2009,71
2009,71
2009,71
2009,71
2009,71
2009,71
2009,72
2009,72
2009,72
2009,72
2009,72
2009,72
2009,72
2009,72
2009,72
2009,72
2009,72
2009,72
2009,73
2009,73
2009,73
2009,73
2009,73
2009,73
2009,74
2009,74
2009,74
2009,74
2009,74
2009,75
2009,75
2009,75
2009,75
2009,75
2009,75
2009,75
2009,75
2009,75
2009,75
2009,75
2009,75
2009,75
2009,76
2009,76
2009,76
2009,76
2009,76
2009,76
2009,76
2009,76
2009,76
2009,76
2009,76
2009,76
2009,76
2009,76
2009,76
2009,77
2009,77
2009,77
2009,77
2009,77
2009,77
2009,77
2009,77
2009,78
2009,78
2009,78
2009,78
2009,78
2009,78
2009,78
2009,78
2009,78
2009,78
2009,78
2009,78
2009,79
2009,79
2009,79
2009,79
2009,79
2009,79
2009,79
2009,79
2009,80
2009,80
2009,80
2009,80
2009,80
2009,80
2009,80
2009,80
2009,80
2009,80
2009,80
2009,80
2009,80
2009,81
2009,81
2009,81
2009,81
2009,81
2009,81
2009,81
2009,81
2009,81
2009,81
2009,81
2009,82
2009,82
2009,82
2009,82
2009,82
2009,82
2009,82
2009,82
2009,82
2009,82
2009,82
2009,82
2009,82
2009,82
2009,82
2009,82
2009,83
2009,83
2009,83
2009,83
2009,83
2009,83
2009,83
2009,83
2009,83
2009,84
2009,84
2009,84
2009,84
2009,84
2009,84
2009,84
2009,84
2009,84
2009,84
2009,84
2009,84
2009,84
2009,85
2009,85
2009,85
2009,85
2009,85
2009,85
2009,85
2009,85
2009,86
2009,86
2009,86
2009,86
2009,86
2009,86
2009,86
2009,86
2009,86
2009,86
2009,86
2009,86
2009,86
2009,86
2009,86
2009,87
2009,87
2009,87
2009,87
2009,87
2009,87
2009,87
2009,87
2009,88
2009,88
2009,88
2009,88
2009,89
2009,89
2009,89
2009,89
2009,89
2009,89
2009,89
2009,90
2009,90
2009,90
2009,90
2009,90
2009,90
2009,91
2009,91
2009,91
2009,91
2009,91
2009,91
2009,91
2009,91
2009,92
2009,92
2009,92
2009,92
2009,92
2009,92
2009,92
2009,93
2009,93
2009,93
2009,93
2009,93
2009,94
2009,94
2009,95
2009,96
2009,96
2009,96
2009,97
2009,97
2009,101
2010,1
2010,2
2010,3
2010,5
2010,6
2010,10
2010,10
2010,12
2010,14
2010,16
2010,18
2010,20
2010,20
2010,20
2010,21
2010,22
2010,23
2010,23
2010,26
2010,27
2010,30
2010,31
2010,33
2010,33
2010,33
2010,34
2010,34
2010,35
2010,35
2010,35
2010,36
2010,38
2010,39
2010,40
2010,41
2010,41
2010,41
2010,42
2010,42
2010,42
2010,43
2010,43
2010,43
2010,44
2010,44
2010,44
2010,44
2010,44
2010,45
2010,45
2010,45
2010,46
2010,46
2010,47
2010,47
2010,47
2010,47
2010,49
2010,49
2010,49
2010,49
2010,49
2010,49
2010,49
2010,49
2010,49
2010,50
2010,50
2010,50
2010,50
2010,51
2010,51
2010,51
2010,51
2010,52
2010,52
2010,53
2010,53
2010,53
2010,53
2010,53
2010,53
2010,53
2010,54
2010,54
2010,54
2010,54
2010,54
2010,56
2010,56
2010,56
2010,56
2010,56
2010,56
2010,56
2010,57
2010,57
2010,57
2010,57
2010,57
2010,57
2010,58
2010,58
2010,58
2010,58
2010,59
2010,59
2010,59
2010,59
2010,59
2010,59
2010,59
2010,59
2010,60
2010,60
2010,60
2010,60
2010,60
2010,60
2010,60
2010,61
2010,61
2010,61
2010,61
2010,61
2010,61
2010,61
2010,62
2010,62
2010,62
2010,62
2010,62
2010,62
2010,62
2010,63
2010,63
2010,63
2010,63
2010,64
2010,64
2010,64
2010,64
2010,64
2010,64
2010,64
2010,65
2010,65
2010,65
2010,65
2010,65
2010,65
2010,65
2010,65
2010,65
2010,65
2010,65
2010,66
2010,66
2010,66
2010,66
2010,66
2010,66
2010,66
2010,67
2010,67
2010,67
2010,68
2010,68
2010,68
2010,68
2010,69
2010,69
2010,69
2010,69
2010,69
2010,69
2010,69
2010,70
2010,70
2010,70
2010,70
2010,70
2010,70
2010,70
2010,70
2010,70
2010,70
2010,71
2010,71
2010,71
2010,71
2010,71
2010,71
2010,71
2010,72
2010,72
2010,72
2010,72
2010,72
2010,72
2010,72
2010,72
2010,72
2010,72
2010,73
2010,73
2010,73
2010,73
2010,73
2010,73
2010,74
2010,74
2010,74
2010,74
2010,74
2010,74
2010,74
2010,74
2010,74
2010,74
2010,75
2010,75
2010,75
2010,75
2010,75
2010,75
2010,75
2010,75
2010,75
2010,75
2010,75
2010,76
2010,76
2010,76
2010,76
2010,76
2010,76
2010,76
2010,77
2010,77
2010,77
2010,77
2010,77
2010,77
2010,77
2010,77
2010,77
2010,77
2010,78
2010,78
2010,78
2010,78
2010,78
2010,78
2010,78
2010,78
2010,78
2010,78
2010,78
2010,78
2010,79
2010,79
2010,79
2010,79
2010,79
2010,79
2010,79
2010,79
2010,79
2010,79
2010,79
2010,80
2010,80
2010,80
2010,80
2010,80
2010,80
2010,80
2010,80
2010,80
2010,80
2010,80
2010,80
2010,81
2010,81
2010,81
2010,81
2010,81
2010,81
2010,81
2010,81
2010,81
2010,82
2010,82
2010,82
2010,82
2010,82
2010,82
2010,82
2010,82
2010,82
2010,82
2010,82
2010,82
2010,83
2010,83
2010,83
2010,83
2010,83
2010,83
2010,83
2010,83
2010,84
2010,84
2010,84
2010,84
2010,84
2010,84
2010,84
2010,84
2010,84
2010,84
2010,84
2010,84
2010,84
2010,85
2010,85
2010,85
2010,85
2010,85
2010,85
2010,85
2010,85
2010,85
2010,85
2010,85
2010,85
2010,86
2010,86
2010,86
2010,86
2010,86
2010,86
2010,86
2010,86
2010,86
2010,86
2010,87
2010,87
2010,87
2010,87
2010,87
2010,87
2010,87
2010,87
2010,87
2010,87
2010,87
2010,87
2010,87
2010,88
2010,88
2010,88
2010,88
2010,88
2010,88
2010,88
2010,88
2010,88
2010,88
2010,88
2010,88
2010,88
2010,88
2010,88
2010,89
2010,89
2010,89
2010,89
2010,89
2010,89
2010,89
2010,89
2010,89
2010,89
2010,90
2010,90
2010,90
2010,90
2010,90
2010,90
2010,90
2010,90
2010,90
2010,90
2010,90
2010,91
2010,91
2010,91
2010,91
2010,91
2010,91
2010,91
2010,91
2010,91
2010,92
2010,92
2010,92
2010,92
2010,92
2010,92
2010,92
2010,92
2010,92
2010,93
2010,93
2010,93
2010,93
2010,93
2010,93
2010,94
2010,94
2010,94
2010,94
2010,94
2010,95
2010,95
2010,95
2010,95
2010,95
2010,95
2010,95
2010,96
2010,96
2010,96
2010,96
2010,96
2010,96
2010,97
2010,97
2010,97
2010,98
2010,101
2011,1
2011,2
2011,3
2011,4
2011,4
2011,4
2011,5
2011,7
2011,9
2011,16
2011,17
2011,21
2011,21
2011,22
2011,23
2011,23
2011,23
2011,24
2011,24
2011,24
2011,24
2011,25
2011,26
2011,26
2011,27
2011,27
2011,29
2011,29
2011,29
2011,31
2011,32
2011,33
2011,33
2011,34
2011,34
2011,35
2011,36
2011,36
2011,39
2011,39
2011,40
2011,41
2011,42
2011,42
2011,43
2011,43
2011,44
2011,44
2011,44
2011,44
2011,44
2011,45
2011,45
2011,45
2011,46
2011,46
2011,47
2011,47
2011,48
2011,48
2011,49
2011,49
2011,49
2011,49
2011,49
2011,50
2011,50
2011,50
2011,50
2011,50
2011,50
2011,50
2011,50
2011,51
2011,51
2011,52
2011,52
2011,53
2011,53
2011,53
2011,53
2011,53
2011,53
2011,53
2011,54
2011,54
2011,54
2011,54
2011,54
2011,54
2011,54
2011,55
2011,55
2011,55
2011,55
2011,55
2011,55
2011,55
2011,55
2011,56
2011,56
2011,56
2011,56
2011,56
2011,56
2011,56
2011,57
2011,57
2011,57
2011,57
2011,57
2011,57
2011,57
2011,57
2011,57
2011,57
2011,57
2011,57
2011,57
2011,58
2011,58
2011,58
2011,58
2011,59
2011,59
2011,59
2011,59
2011,59
2011,59
2011,60
2011,60
2011,60
2011,60
2011,60
2011,60
2011,60
2011,60
2011,60
2011,61
2011,61
2011,61
2011,61
2011,61
2011,61
2011,62
2011,62
2011,62
2011,62
2011,62
2011,62
2011,62
2011,63
2011,63
2011,63
2011,63
2011,63
2011,63
2011,63
2011,63
2011,63
2011,63
2011,63
2011,63
2011,63
2011,64
2011,64
2011,64
2011,64
2011,64
2011,64
2011,64
2011,65
2011,65
2011,65
2011,65
2011,65
2011,66
2011,66
2011,66
2011,66
2011,66
2011,66
2011,67
2011,67
2011,67
2011,67
2011,67
2011,67
2011,67
2011,67
2011,67
2011,68
2011,68
2011,68
2011,68
2011,68
2011,68
2011,68
2011,68
2011,68
2011,69
2011,69
2011,70
2011,70
2011,70
2011,70
2011,70
2011,70
2011,70
2011,70
2011,70
2011,70
2011,70
2011,71
2011,71
2011,71
2011,71
2011,72
2011,72
2011,72
2011,72
2011,72
2011,72
2011,72
2011,73
2011,73
2011,73
2011,73
2011,73
2011,73
2011,73
2011,73
2011,74
2011,74
2011,74
2011,74
2011,74
2011,74
2011,74
2011,74
2011,74
2011,74
2011,74
2011,74
2011,74
2011,74
2011,75
2011,75
2011,75
2011,75
2011,75
2011,75
2011,75
2011,75
2011,75
2011,75
2011,76
2011,76
2011,76
2011,76
2011,76
2011,76
2011,76
2011,76
2011,76
2011,76
2011,76
2011,77
2011,77
2011,77
2011,77
2011,77
2011,77
2011,77
2011,77
2011,77
2011,77
2011,77
2011,77
2011,77
2011,77
2011,77
2011,78
2011,78
2011,78
2011,78
2011,78
2011,78
2011,78
2011,78
2011,79
2011,79
2011,79
2011,79
2011,79
2011,79
2011,79
2011,79
2011,79
2011,79
2011,79
2011,79
2011,80
2011,80
2011,80
2011,80
2011,80
2011,80
2011,80
2011,80
2011,80
2011,81
2011,81
2011,81
2011,81
2011,81
2011,81
2011,81
2011,82
2011,82
2011,82
2011,82
2011,82
2011,82
2011,82
2011,82
2011,82
2011,82
2011,82
2011,82
2011,82
2011,83
2011,83
2011,83
2011,83
2011,83
2011,83
2011,83
2011,83
2011,83
2011,83
2011,83
2011,83
2011,84
2011,84
2011,84
2011,84
2011,84
2011,84
2011,84
2011,84
2011,84
2011,84
2011,84
2011,84
2011,84
2011,84
2011,85
2011,85
2011,85
2011,85
2011,85
2011,85
2011,85
2011,85
2011,86
2011,86
2011,86
2011,86
2011,86
2011,86
2011,86
2011,86
2011,86
2011,86
2011,86
2011,87
2011,87
2011,87
2011,87
2011,87
2011,87
2011,87
2011,87
2011,87
2011,88
2011,88
2011,88
2011,88
2011,88
2011,88
2011,88
2011,88
2011,88
2011,88
2011,88
2011,89
2011,89
2011,89
2011,89
2011,89
2011,89
2011,89
2011,89
2011,89
2011,90
2011,90
2011,90
2011,90
2011,90
2011,90
2011,91
2011,91
2011,91
2011,91
2011,91
2011,91
2011,91
2011,91
2011,92
2011,92
2011,92
2011,92
2011,93
2011,93
2011,93
2011,94
2011,94
2011,94
2011,94
2011,94
2011,95
2011,95
2011,95
2011,95
2011,95
2011,95
2011,95
2011,96
2011,96
2011,96
2011,97
2011,98
2011,98
2011,98
2011,98
2011,100
2011,100
2011,101
2011,101
2011,102
2011,104
2012,2
2012,2
2012,2
2012,3
2012,5
2012,6
2012,6
2012,7
2012,9
2012,11
2012,12
2012,13
2012,15
2012,17
2012,18
2012,26
2012,27
2012,28
2012,28
2012,29
2012,31
2012,31
2012,33
2012,34
2012,34
2012,35
2012,35
2012,37
2012,37
2012,38
2012,38
2012,39
2012,40
2012,40
2012,40
2012,41
2012,41
2012,41
2012,41
2012,41
2012,41
2012,42
2012,42
2012,42
2012,42
2012,43
2012,43
2012,43
2012,43
2012,43
2012,43
2012,44
2012,44
2012,44
2012,45
2012,46
2012,46
2012,46
2012,47
2012,48
2012,48
2012,49
2012,49
2012,50
2012,50
2012,51
2012,51
2012,51
2012,51
2012,51
2012,52
2012,52
2012,52
2012,52
2012,53
2012,53
2012,53
2012,53
2012,53
2012,53
2012,53
2012,54
2012,54
2012,54
2012,54
2012,54
2012,54
2012,55
2012,55
2012,55
2012,55
2012,55
2012,56
2012,56
2012,56
2012,56
2012,56
2012,56
2012,56
2012,57
2012,57
2012,58
2012,58
2012,58
2012,58
2012,58
2012,59
2012,60
2012,60
2012,60
2012,60
2012,60
2012,60
2012,61
2012,61
2012,61
2012,61
2012,61
2012,61
2012,61
2012,61
2012,61
2012,61
2012,62
2012,62
2012,62
2012,62
2012,62
2012,63
2012,63
2012,63
2012,64
2012,64
2012,64
2012,64
2012,64
2012,64
2012,64
2012,64
2012,64
2012,64
2012,64
2012,65
2012,65
2012,65
2012,65
2012,65
2012,65
2012,65
2012,66
2012,66
2012,66
2012,66
2012,66
2012,66
2012,66
2012,67
2012,67
2012,67
2012,67
2012,67
2012,67
2012,67
2012,68
2012,68
2012,68
2012,69
2012,69
2012,69
2012,69
2012,69
2012,69
2012,69
2012,70
2012,70
2012,70
2012,70
2012,70
2012,70
2012,70
2012,70
2012,70
2012,70
2012,70
2012,70
2012,70
2012,70
2012,71
2012,71
2012,71
2012,71
2012,71
2012,71
2012,71
2012,71
2012,71
2012,71
2012,71
2012,72
2012,72
2012,72
2012,72
2012,72
2012,73
2012,73
2012,73
2012,73
2012,73
2012,73
2012,73
2012,74
2012,74
2012,74
2012,74
2012,74
2012,74
2012,75
2012,75
2012,75
2012,75
2012,75
2012,75
2012,75
2012,75
2012,75
2012,75
2012,75
2012,75
2012,75
2012,75
2012,76
2012,76
2012,76
2012,76
2012,76
2012,76
2012,76
2012,77
2012,77
2012,77
2012,77
2012,77
2012,77
2012,77
2012,77
2012,78
2012,78
2012,78
2012,78
2012,78
2012,78
2012,78
2012,79
2012,79
2012,79
2012,79
2012,79
2012,79
2012,79
2012,79
2012,79
2012,79
2012,79
2012,80
2012,80
2012,80
2012,80
2012,80
2012,80
2012,80
2012,80
2012,80
2012,80
2012,81
2012,81
2012,81
2012,81
2012,81
2012,81
2012,81
2012,81
2012,81
2012,82
2012,82
2012,82
2012,82
2012,82
2012,82
2012,82
2012,82
2012,82
2012,82
2012,82
2012,82
2012,82
2012,82
2012,83
2012,83
2012,83
2012,83
2012,83
2012,84
2012,84
2012,84
2012,84
2012,84
2012,84
2012,84
2012,84
2012,84
2012,85
2012,85
2012,85
2012,85
2012,85
2012,86
2012,86
2012,86
2012,86
2012,86
2012,86
2012,86
2012,86
2012,86
2012,87
2012,87
2012,87
2012,87
2012,87
2012,87
2012,87
2012,87
2012,87
2012,88
2012,88
2012,88
2012,88
2012,88
2012,88
2012,88
2012,88
2012,88
2012,88
2012,88
2012,88
2012,89
2012,89
2012,89
2012,89
2012,89
2012,89
2012,89
2012,89
2012,89
2012,89
2012,89
2012,89
2012,89
2012,89
2012,90
2012,90
2012,90
2012,90
2012,90
2012,90
2012,90
2012,91
2012,91
2012,91
2012,91
2012,91
2012,91
2012,91
2012,91
2012,91
2012,91
2012,91
2012,91
2012,91
2012,91
2012,91
2012,92
2012,92
2012,92
2012,92
2012,92
2012,92
2012,92
2012,92
2012,92
2012,92
2012,92
2012,92
2012,92
2012,92
2012,92
2012,93
2012,93
2012,93
2012,93
2012,93
2012,93
2012,93
2012,93
2012,93
2012,93
2012,94
2012,94
2013,1
2013,2
2013,3
2013,3
2013,3
2013,3
2013,4
2013,4
2013,8
2013,12
2013,13
2013,13
2013,15
2013,18
2013,20
2013,23
2013,23
2013,26
2013,27
2013,27
2013,28
2013,28
2013,28
2013,29
2013,29
2013,32
2013,32
2013,33
2013,33
2013,35
2013,36
2013,37
2013,37
2013,37
2013,39
2013,39
2013,39
2013,39
2013,39
2013,42
2013,43
2013,43
2013,44
2013,45
2013,45
2013,47
2013,47
2013,47
2013,47
2013,47
2013,47
2013,47
2013,47
2013,47
2013,48
2013,48
2013,48
2013,48
2013,48
2013,48
2013,49
2013,49
2013,50
2013,50
2013,50
2013,50
2013,50
2013,50
2013,51
2013,51
2013,52
2013,52
2013,52
2013,52
2013,52
2013,52
2013,53
2013,53
2013,53
2013,53
2013,54
2013,54
2013,54
2013,54
2013,54
2013,54
2013,54
2013,54
2013,55
2013,55
2013,55
2013,55
2013,55
2013,55
2013,56
2013,56
2013,56
2013,56
2013,57
2013,57
2013,57
2013,57
2013,57
2013,57
2013,58
2013,58
2013,58
2013,58
2013,58
2013,58
2013,58
2013,58
2013,58
2013,59
2013,59
2013,59
2013,59
2013,59
2013,59
2013,59
2013,59
2013,60
2013,60
2013,60
2013,60
2013,60
2013,60
2013,60
2013,60
2013,60
2013,60
2013,60
2013,60
2013,60
2013,61
2013,61
2013,61
2013,61
2013,62
2013,62
2013,62
2013,62
2013,62
2013,62
2013,62
2013,63
2013,63
2013,63
2013,63
2013,63
2013,63
2013,63
2013,63
2013,64
2013,64
2013,64
2013,64
2013,64
2013,64
2013,64
2013,64
2013,65
2013,65
2013,65
2013,65
2013,66
2013,66
2013,66
2013,66
2013,66
2013,66
2013,66
2013,66
2013,67
2013,67
2013,67
2013,67
2013,67
2013,67
2013,67
2013,67
2013,67
2013,67
2013,68
2013,68
2013,68
2013,68
2013,69
2013,69
2013,69
2013,69
2013,69
2013,69
2013,69
2013,69
2013,69
2013,70
2013,70
2013,70
2013,70
2013,70
2013,70
2013,70
2013,70
2013,70
2013,70
2013,70
2013,70
2013,70
2013,70
2013,71
2013,71
2013,71
2013,71
2013,71
2013,72
2013,72
2013,72
2013,72
2013,72
2013,72
2013,73
2013,73
2013,73
2013,73
2013,73
2013,73
2013,73
2013,73
2013,73
2013,74
2013,74
2013,74
2013,74
2013,74
2013,74
2013,74
2013,74
2013,74
2013,74
2013,74
2013,74
2013,75
2013,75
2013,75
2013,75
2013,75
2013,75
2013,75
2013,75
2013,75
2013,76
2013,76
2013,76
2013,76
2013,77
2013,77
2013,77
2013,77
2013,77
2013,77
2013,77
2013,77
2013,78
2013,78
2013,78
2013,78
2013,78
2013,78
2013,78
2013,78
2013,78
2013,78
2013,78
2013,78
2013,79
2013,79
2013,79
2013,79
2013,79
2013,79
2013,79
2013,79
2013,79
2013,79
2013,79
2013,80
2013,80
2013,80
2013,80
2013,80
2013,80
2013,80
2013,80
2013,80
2013,80
2013,80
2013,80
2013,80
2013,81
2013,81
2013,81
2013,81
2013,81
2013,81
2013,81
2013,81
2013,81
2013,81
2013,82
2013,82
2013,82
2013,82
2013,82
2013,82
2013,82
2013,82
2013,83
2013,83
2013,83
2013,83
2013,83
2013,83
2013,83
2013,83
2013,83
2013,83
2013,83
2013,83
2013,84
2013,84
2013,84
2013,84
2013,84
2013,84
2013,84
2013,85
2013,85
2013,85
2013,85
2013,85
2013,85
2013,85
2013,85
2013,85
2013,85
2013,85
2013,86
2013,86
2013,86
2013,86
2013,86
2013,86
2013,86
2013,86
2013,86
2013,86
2013,87
2013,87
2013,87
2013,87
2013,87
2013,87
2013,87
2013,87
2013,87
2013,88
2013,88
2013,88
2013,88
2013,88
2013,88
2013,88
2013,88
2013,88
2013,88
2013,89
2013,89
2013,89
2013,89
2013,89
2013,89
2013,89
2013,89
2013,90
2013,90
2013,90
2013,90
2013,90
2013,90
2013,90
2013,91
2013,91
2013,91
2013,91
2013,91
2013,91
2013,91
2013,91
2013,91
2013,92
2013,92
2013,92
2013,92
2013,92
2013,92
2013,92
2013,92
2013,92
2013,92
2013,92
2013,92
2013,93
2013,93
2013,93
2013,94
2013,94
2013,94
2014,3
2014,4
2014,6
2014,7
2014,7
2014,8
2014,11
2014,19
2014,20
2014,20
2014,20
2014,21
2014,22
2014,22
2014,24
2014,24
2014,24
2014,25
2014,26
2014,26
2014,27
2014,27
2014,27
2014,28
2014,28
2014,28
2014,29
2014,31
2014,31
2014,31
2014,32
2014,33
2014,33
2014,33
2014,34
2014,34
2014,34
2014,35
2014,35
2014,35
2014,35
2014,36
2014,36
2014,37
2014,37
2014,38
2014,38
2014,40
2014,40
2014,40
2014,41
2014,42
2014,42
2014,43
2014,43
2014,43
2014,44
2014,45
2014,46
2014,46
2014,46
2014,46
2014,47
2014,47
2014,47
2014,48
2014,48
2014,48
2014,48
2014,48
2014,48
2014,48
2014,48
2014,49
2014,49
2014,49
2014,49
2014,50
2014,50
2014,51
2014,51
2014,52
2014,52
2014,52
2014,52
2014,53
2014,53
2014,53
2014,53
2014,54
2014,54
2014,54
2014,54
2014,54
2014,55
2014,55
2014,55
2014,55
2014,56
2014,56
2014,56
2014,56
2014,56
2014,56
2014,56
2014,57
2014,57
2014,57
2014,57
2014,57
2014,58
2014,58
2014,58
2014,58
2014,58
2014,58
2014,58
2014,58
2014,58
2014,59
2014,59
2014,59
2014,59
2014,59
2014,59
2014,59
2014,59
2014,59
2014,60
2014,60
2014,60
2014,61
2014,61
2014,61
2014,61
2014,61
2014,61
2014,62
2014,62
2014,62
2014,62
2014,62
2014,62
2014,62
2014,62
2014,62
2014,62
2014,63
2014,63
2014,63
2014,63
2014,64
2014,64
2014,64
2014,64
2014,65
2014,65
2014,65
2014,65
2014,65
2014,65
2014,65
2014,65
2014,65
2014,65
2014,65
2014,66
2014,66
2014,66
2014,66
2014,66
2014,66
2014,66
2014,66
2014,66
2014,66
2014,67
2014,67
2014,67
2014,67
2014,68
2014,68
2014,68
2014,68
2014,68
2014,68
2014,68
2014,68
2014,68
2014,68
2014,68
2014,68
2014,68
2014,69
2014,69
2014,69
2014,69
2014,69
2014,69
2014,69
2014,69
2014,70
2014,70
2014,70
2014,70
2014,70
2014,70
2014,70
2014,70
2014,70
2014,70
2014,70
2014,71
2014,71
2014,71
2014,71
2014,71
2014,71
2014,71
2014,71
2014,72
2014,72
2014,72
2014,72
2014,73
2014,73
2014,73
2014,73
2014,73
2014,73
2014,73
2014,73
2014,73
2014,73
2014,73
2014,73
2014,74
2014,74
2014,74
2014,74
2014,74
2014,74
2014,74
2014,74
2014,74
2014,74
2014,74
2014,74
2014,74
2014,75
2014,75
2014,75
2014,75
2014,75
2014,75
2014,75
2014,75
2014,75
2014,75
2014,75
2014,76
2014,76
2014,76
2014,76
2014,77
2014,77
2014,77
2014,77
2014,77
2014,77
2014,77
2014,78
2014,78
2014,78
2014,78
2014,78
2014,78
2014,79
2014,79
2014,79
2014,79
2014,79
2014,79
2014,79
2014,79
2014,79
2014,79
2014,79
2014,79
2014,80
2014,80
2014,80
2014,80
2014,81
2014,81
2014,81
2014,81
2014,81
2014,81
2014,81
2014,82
2014,82
2014,82
2014,82
2014,82
2014,82
2014,82
2014,83
2014,83
2014,83
2014,83
2014,83
2014,83
2014,83
2014,83
2014,84
2014,84
2014,84
2014,84
2014,84
2014,84
2014,84
2014,84
2014,84
2014,84
2014,84
2014,85
2014,85
2014,85
2014,85
2014,85
2014,85
2014,85
2014,85
2014,85
2014,85
2014,85
2014,85
2014,85
2014,85
2014,85
2014,86
2014,86
2014,86
2014,86
2014,86
2014,86
2014,86
2014,86
2014,87
2014,87
2014,87
2014,87
2014,87
2014,87
2014,87
2014,87
2014,87
2014,87
2014,87
2014,87
2014,88
2014,88
2014,88
2014,88
2014,88
2014,88
2014,88
2014,88
2014,89
2014,89
2014,89
2014,89
2014,89
2014,89
2014,89
2014,89
2014,89
2014,89
2014,89
2014,90
2014,90
2014,90
2014,90
2014,90
2014,90
2014,90
2014,90
2014,90
2014,90
2014,90
2014,90
2014,90
2014,90
2014,91
2014,91
2014,91
2014,91
2014,91
2014,91
2014,91
2014,92
2014,92
2014,92
2014,92
2014,92
2014,92
2014,92
2014,92
2014,92
2014,93
2014,93
2014,94
2014,94
