city,state,pop2017,pop.change,area.sq.mi,pop.density,walk.score,bike.score,transit.score,median.age,mf.ratio,married,families,cost.of.living,crime,concerts,jan.avg,feb.avg,mar.avg,apr.avg,may.avg,jun.avg,jul.avg,aug.avg,sep.avg,oct.avg,nov.avg,dec.avg,jan.precip,feb.precip,mar.precip,apr.precip,may.precip,jun.precip,jul.precip,aug.precip,sep.precip,oct.precip,nov.precip,dec.precip,air.quality,weather.avg,precip.avg,results,weather.averages,precip.averages,rank.by.score
New York,New York,8622698,0.0547,301.5,28317,89,68,85,35.9,0.9,0.46,0.44,166,1987,8,27,26,32,44,54,63,70,68,62,52,39,35,4.3,4.2,3.4,2.9,5.6,5.9,4.9,2.9,3,3.7,3.2,4.7,53,0.2720182151123927,0.28350842434981033,-22.42427548223817,47.666666666666664,4.058333333333334,1
Chicago,Illinois,2716450,0.0077,227.3,11900,78,72,65,33.9,0.9,0.41,0.45,113,4363,14,20,21,33,42,52,63,68,67,60,48,36,25,1.9,1.6,2.4,3.6,4.3,4.6,3.5,5.1,2.8,3.9,2.2,2.2,60,0.5785652253641954,-0.14217798758272582,-16.463893458800616,44.583333333333336,3.175,2
Philadelphia,Pennsylvania,1580863,0.0359,134.2,11683,79,66,67,33.9,0.9,0.38,0.42,104,4011,9,26,26,33,44,54,64,70,68,61,50,39,31,3.3,2.6,3.6,4,3.9,4.8,5,5.8,4.3,4.7,2.8,4.7,57,0.31839432688660246,0.2548183000234891,-15.557254738138331,47.166666666666664,4.125,3
Houston,Texas,2312717,0.1012,637.5,3613,49,48,37,32.7,1,0.48,0.49,91,5224,11,47,49,56,62,70,75,76,77,73,64,55,47,3.7,2.9,3.6,5.6,4,6,9.1,5.1,6.1,10,3.7,4,52,-1.3113226150760997,0.6352388578841287,-12.870908825737018,62.583333333333336,5.316666666666666,4
Louisville,Kentucky,621349,0.0402,263.5,2339,96,65,74,37.3,0.9,0.5,0.43,91,4769,6,27,29,39,48,57,66,69,68,61,48,38,31,3.7,2.9,4.5,6.3,5.7,5.3,5.6,3.7,4.6,4.4,3.5,4.8,55,0.19303124552000311,0.4706844216071798,-12.286090108442307,48.416666666666664,4.583333333333333,5
Detroit,Michigan,673104,-0.057,138.8,4847,55,52,38,34.8,0.9,0.32,0.45,80,6597,6,20,20,29,39,50,61,65,64,57,46,34,26,1.7,1.6,2.3,3,3.7,3.2,3.8,4.4,3.5,1.9,2.3,2.1,52,0.8218716947804632,-0.27098893008576996,-10.781799271515789,42.583333333333336,2.7916666666666665,6
Baltimore,Maryland,611648,-0.015,80.9,7598,69,52,57,34.7,0.9,0.36,0.41,100,6955,9,32,32,40,51,60,70,75,73,67,55,45,37,2.7,2.7,3.4,3.8,3.9,4.5,5,4.6,4.4,4.6,2.4,4.1,46,-0.33934587340813366,0.14440462330949902,-10.634361840377421,53.083333333333336,3.841666666666667,7
Jacksonville,Florida,892062,0.0855,747.4,1178,27,40,22,35.7,0.9,0.5,0.42,93,4158,5,47,49,55,63,69,75,77,77,75,66,56,52,3.1,2.9,2.8,2.6,4.8,8.1,6.4,6.7,4.7,3.4,1.8,2.9,38,-1.3993486225190197,0.21339047217874987,-10.244231520216557,63.416666666666664,4.183333333333334,8
Phoenix,Arizona,1626078,0.1248,517.6,3120,41,52,36,33.3,1,0.46,0.5,95,4432,8,45,48,54,60,68,79,84,83,77,65,54,45,0.8,0.7,0.5,0.2,0.2,0,0.9,1.4,0.8,0.2,0.4,0.9,74,-1.1876593127639685,-1.1041610650376392,-10.166915123770494,63.5,0.5833333333333334,9
Los Angeles,California,3999759,0.0546,468.7,8484,67,55,51,35,1,0.44,0.45,146,3297,16,48,50,52,55,58,61,65,65,64,60,54,48,3.5,2.9,1.5,0.7,0.5,0,0,0,0.3,0.7,0.8,2.8,74,-0.5346691974013974,-0.7925317822976838,-9.990660618726077,56.666666666666664,1.1416666666666666,10
Buffalo,New York,258612,-0.0103,40.4,6359,68,59,49,32.9,0.9,0.36,0.49,85,4855,1,18,17,25,36,47,57,62,61,54,44,33,25,3,2.7,2.7,3.6,3.1,4.3,3.4,3.9,4.5,5.2,3.5,4.2,41,1.1303126110449706,0.08460867568120752,-9.895246598396145,39.916666666666664,3.675,11
New Orleans,Louisiana,393292,0.1439,169.4,2311,58,64,44,35.5,0.9,0.38,0.42,99,5365,9,47,50,57,64,71,77,79,79,76,67,57,51,5.2,5.6,5.4,7.6,5.1,6.2,6.7,8.7,5.8,3.6,2.1,6.2,45,-1.495335194941665,0.9398427100284636,-9.756201941521336,64.58333333333333,5.683333333333334,12
Gainesville,Florida,132249,0.0635,62.3,2112,34,66,0,25.7,0.9,0.29,0.38,95,4316,0,43,43,48,55,62,70,72,73,69,61,49,47,4.2,3.8,3.4,2.6,3.5,6.3,6.4,7.9,2.5,4.4,1.3,3.9,33,-0.7569393224695923,0.2694741473840342,-9.735823201643909,57.666666666666664,4.183333333333334,13
Dallas,Texas,1341075,0.1196,340.9,3866,46,46,40,32.5,1,0.46,0.49,95,3960,12,39,42,50,57,67,75,77,78,70,58,50,39,3.4,2.1,6.1,2.8,4.2,4.1,2.4,2.6,5,5,2.7,2.3,54,-0.9193767852972444,0.0544051921992281,-9.557525411454503,58.5,3.558333333333333,14
Augusta,Georgia,197166,0.0068,302.5,652,68,47,0,33.5,0.9,0.43,0.4,87,3217,0,39,41,48,56,63,71,73,73,68,57,46,43,3.3,3.6,3.4,3.1,2.7,4.6,4.4,5.4,3.3,2.3,2.6,4.9,42,-0.6566500854657525,0.11991573627607868,-9.499843900462402,56.5,3.6333333333333333,15
Syracuse,New York,143396,-0.0122,25,5735,61,46,44,30.6,0.9,0.34,0.46,87,4072,0,16,16,24,35,46,56,61,60,52,43,32,23,2.6,2.9,3.2,4,3.4,4.7,4.5,4,3.4,5.2,3.1,4.2,32,1.2672603527374524,0.1322800916073576,-9.350471685378688,38.666666666666664,3.7666666666666666,16
Milwaukee,Wisconsin,595351,9e-4,96.2,6186,62,54,49,31,0.9,0.36,0.52,89,5389,2,16,17,27,37,46,57,63,63,55,44,32,21,1.7,1.7,2.5,4.3,3.5,5,3.7,3.2,2.9,3.2,2.4,2.6,45,1.1193175693075368,-0.1631395375945361,-9.185875892528404,39.833333333333336,3.0583333333333336,17
Nashville,Tennessee,667560,0.1103,475.9,1388,91,61,0,34,0.9,0.46,0.45,98,4956,4,29,31,39,49,56,66,69,69,61,49,38,33,4.2,3.4,4.1,5.6,5.1,3.9,5,4.5,4,4,3.8,5.1,45,0.13125580831998546,0.42281640401878867,-9.035180278939066,49.083333333333336,4.391666666666667,18
Miami,Florida,463347,0.1599,36,12599,79,63,57,39.7,1,0.41,0.39,109,4735,1,60,61,64,69,73,76,77,77,76,73,67,64,1.8,2.3,2.6,3.9,6.2,10.8,9,10,10.1,7,2.9,2.7,41,-2.0061206733392982,0.6844556832820755,-9.01049677553636,69.75,5.775,19
San Antonio,Texas,1511946,0.139,461,3238,38,42,36,33.1,1,0.49,0.47,86,5552,0,42,47,54,60,67,73,75,75,71,62,53,45,2.4,1.2,2.5,2.4,4.4,1.8,2.3,2.9,3.2,2.4,1.5,1.8,45,-1.068199804810896,-0.4153137421744643,-8.972249671580842,60.333333333333336,2.4,20
Pittsburgh,Pennsylvania,302407,-0.0108,55.4,5481,62,51,54,32.9,1,0.39,0.39,91,3771,5,22,23,32,43,52,60,64,63,56,46,35,28,3.2,2.2,3.4,3.4,4.2,5.1,5.1,4.1,3.1,3.8,2.8,3.7,56,0.7287515971244838,0.0823936008357704,-8.846879802595257,43.666666666666664,3.675,21
Cleveland,Ohio,385525,-0.0285,77.7,4965,60,50,47,35.8,0.9,0.34,0.47,88,6473,12,27,23,32,42,53,67,68,69,62,53,37,27,4.5,2,3,5,2.2,2.8,7.6,14,5.5,5.3,3.6,3.1,55,0.3562496232846989,0.4698575963090727,-8.804278838149758,46.666666666666664,4.883333333333333,22
Rochester,New York,208046,-0.012,35.8,5835,65,53,43,31.3,1,0.31,0.5,88,4701,7,18,17,25,36,47,56,61,59,53,43,33,25,2.1,2.2,2.2,3.1,2.9,3.8,4.5,3.5,3.3,4.4,2.6,3,36,1.197603703544448,-0.1414794271049535,-8.742531271025518,39.416666666666664,3.1333333333333333,23
McAllen,Texas,142696,0.0987,58.4,2435,77,61,0,32.4,1,0.58,0.5,77,2924,0,51,56,62,68,73,77,78,78,75,68,60,54,1,0.8,1,1.5,2.1,1.8,3.3,1.8,4.6,1.6,1.1,1.4,36,-1.7317831666364782,-0.6783497660938077,-8.601354438689338,66.66666666666667,1.8333333333333333,24
Winston-Salem,North Carolina,244605,0.0653,132.5,1828,83,74,25,35,0.9,0.48,0.48,95,4179,0,40,42,51,60,67,76,78,77,71,60,50,44,3.6,2.5,3.5,4.3,4.5,4,4.1,4.8,3.9,3.8,3.6,3.8,41,-1.0394306428506523,0.17784968071247084,-8.43547172481468,59.666666666666664,3.8666666666666667,25
Tampa,Florida,385430,0.1481,113.4,3326,50,55,32,35.1,0.9,0.43,0.45,100,2208,4,51,52,57,64,69,74,76,76,75,68,59,56,2.6,2.8,2.9,2.9,3.3,8.5,8.5,9.7,6.3,2.3,1.6,1.4,43,-1.5100453208623439,0.251294845061086,-8.382922357545104,64.75,4.3999999999999995,26
Tempe,Arizona,185038,0.1442,40,4562,54,71,47,28.5,1.1,0.34,0.39,101,4596,2,45,48,54,60,68,79,84,83,77,65,54,45,0.8,0.7,0.5,0.2,0.2,0,0.9,1.4,0.8,0.2,0.4,0.9,74,-1.1876593127639685,-1.1041610650376392,-8.207875855494821,63.5,0.5833333333333334,27
Miami Gardens,Florida,113750,0.0614,18.2,6212,43,44,42,35.7,0.9,0.37,0.38,99,4051,1,59,60,63,68,72,75,76,77,76,72,66,64,2.4,2.8,2.4,3.4,4.3,6.8,8.1,7.5,8.3,6.6,3.1,3,41,-1.9233067765414467,0.4239993595490525,-8.179854093693702,69,4.891666666666667,28
Hialeah,Florida,239673,0.0668,21.5,10995,69,51,39,43.5,0.9,0.5,0.38,101,2412,0,61,59,63,64,70,74,77,78,76,76,67,62,1.8,5.2,5.3,6.2,12.5,15.6,9.3,2.1,8.6,9,4.4,1,41,-1.9179533935605124,1.1581795828130135,-7.717155597482703,68.91666666666667,6.75,29
Lexington,Kentucky,321959,0.0884,283.6,1123,85,85,0,34.1,1,0.48,0.46,95,4133,2,34,35,46,57,65,74,76,76,69,57,46,38,4.2,3.4,4.1,5.7,5,5.2,6.1,4.7,3.9,4,3,5.2,42,-0.6769956388191364,0.46203757895183056,-7.641567473515053,56.083333333333336,4.541666666666667,30
El Paso,Texas,683577,0.0531,256.8,2660,41,39,31,32.6,1,0.54,0.47,85,2198,4,32,37,44,51,59,70,72,70,64,53,41,33,0.5,0.4,0.1,0.1,0.5,0.5,2.2,2.4,2.4,0.6,0.2,0.5,51,-0.20785348482003058,-1.047762170341181,-7.628012577304563,52.166666666666664,0.8666666666666667,31
Boston,Massachusetts,685094,0.1093,48.3,13938,81,69,73,31.7,0.9,0.34,0.43,148,2758,7,23,22,29,40,50,59,66,64,58,48,37,28,3.2,3.2,3.8,3.7,3.8,4.7,4.1,3.5,3,5,3.3,4.6,47,0.7183287778647628,0.18196462518791479,-7.590112032099899,43.666666666666664,3.825,32
Providence,Rhode Island,180393,0.0132,18.4,9740,79,59,47,29.4,0.9,0.35,0.53,110,3828,4,22,21,28,39,48,58,65,63,56,46,36,27,4,3.8,5,4.7,3.7,4.8,4,3.6,4.3,5.9,4.4,5.2,45,0.8612644723796432,0.44834292582899965,-7.552377684310791,42.416666666666664,4.45,33
Hartford,Connecticut,123400,-0.011,17.4,7083,71,53,54,30.6,0.9,0.3,0.5,104,5086,3,21,21,29,40,50,60,66,64,57,46,35,27,2.9,3.1,3.5,4.2,3.8,5.1,4.5,4.1,3.5,5.2,3.3,4.2,46,0.7815568391672217,0.2089036246495952,-7.459709998857074,43,3.95,34
Minneapolis,Minnesota,422331,0.1039,54,7660,69,82,58,31.9,1,0.38,0.49,106,5743,6,8,10,24,37,49,60,65,62,54,41,27,13,0.8,1,1.5,3.5,3.9,4.8,3.7,5.3,2.9,3.1,1.3,1.6,44,1.306683721317326,-0.32607117133197083,-7.415947384965978,37.5,2.783333333333333,35
Tucson,Arizona,535677,0.0299,230.8,2299,42,64,34,33.2,1,0.42,0.45,92,6053,5,41,45,47,53,63,71,77,74,71,59,51,40,4.8,1.1,2.2,2.8,1.1,0,8.8,8.1,4.1,1.8,0,1.5,46,-0.7947535214586955,-0.23431164416960062,-7.301013905087011,57.666666666666664,3.025,36
Boise,Idaho,226570,0.1016,82.1,2718,87,97,0,35.8,1,0.52,0.45,96,2724,2,23,28,34,37,45,53,62,60,52,41,32,23,1.3,0.9,1.5,1.2,1.2,0.8,0.2,0.3,0.5,1,1.3,1.9,36,1.0893127018803408,-0.9051387584228461,-7.21198745807096,40.833333333333336,1.0083333333333333,37
Grand Rapids,Michigan,198829,0.0574,44.4,4424,55,49,39,31.1,1,0.43,0.47,88,2785,6,18,17,25,36,47,57,61,60,52,42,32,24,2.5,2,2.5,4.5,3.3,4.8,4.3,3.8,3.2,4.9,2.7,2.5,39,1.210598971146798,-0.03906402823379939,-7.104168634137736,39.25,3.4166666666666665,38
Ann Arbor,Michigan,121477,0.0662,28.1,4298,51,68,45,27.5,1,0.37,0.42,108,1941,0,16,15,26,36,46,54,58,57,50,40,29,22,1.8,1.6,2.4,3.4,3.8,3.7,3.2,2.7,2.4,2.5,2.1,1.9,34,1.4259400417792425,-0.3211594800722633,-6.756238075275305,37.416666666666664,2.625,39
Lansing,Michigan,116986,0.0235,39.1,2967,45,55,33,32,0.9,0.4,0.49,84,4187,1,16,16,25,35,46,56,60,58,51,41,31,22,2.6,1.7,2.4,3.5,3.9,4.5,3.5,4.4,3,3.7,2.6,2.3,34,1.3408731267122471,-0.13291656435033794,-6.750628973829886,38.083333333333336,3.175,40
Austin,Texas,950715,0.2028,312.7,3031,40,51,34,32.4,1,0.44,0.49,107,3604,10,42,46,53,60,66,73,75,76,71,61,52,44,3,1.5,4,2.9,5.9,3.4,3,2.2,4.5,3.9,2.4,2.5,41,-1.0296950493446737,-0.08161637061631831,-6.726757518621836,59.916666666666664,3.2666666666666666,41
Columbus,Ohio,879170,0.1171,218.5,3936,41,47,31,32.1,1,0.42,0.48,89,4458,7,22,22,32,42,52,61,65,64,57,45,34,27,3.2,2.6,4.4,3.8,3.6,4.8,4.8,3.7,3.6,3.9,2.7,3.9,43,0.7241193411165997,0.13798516981791728,-6.72130993509639,43.583333333333336,3.75,42
Richmond,Virginia,227032,0.1117,59.8,3732,51,51,0,33.2,0.9,0.34,0.44,100,2001,5,28,29,37,46,55,65,69,68,61,49,38,33,3.2,2.5,3.7,3.7,4.2,4.5,4.6,5.4,4.7,4.2,3.7,4.3,39,0.22874292638874444,0.23437008863457034,-6.635594439881064,48.166666666666664,4.058333333333334,43
Birmingham,Alabama,210710,-0.0072,146.1,1452,35,24,25,35.7,0.9,0.38,0.4,82,3482,4,35,38,46,53,61,70,72,72,66,54,43,39,5,5.3,5.6,5.9,4.9,4.6,6.2,5,4,3.3,3.6,5.7,50,-0.4050986555129863,0.6893180135252162,-6.586133471745779,54.083333333333336,4.925,44
Inglewood,California,110598,0.0084,9.1,12160,69,50,50,34,0.9,0.41,0.48,129,3199,16,49,51,53,56,59,62,65,66,65,61,55,49,2.2,1.7,1.1,0.6,0.2,0,0,0,0.2,0.4,0.5,2.4,74,-0.6344383596250183,-0.9679370897044448,-6.48364182172304,57.583333333333336,0.775,45
St. Louis,Missouri,308626,-0.0334,62,5023,65,53,45,34.8,0.9,0.37,0.43,89,8124,0,24,26,37,47,56,65,68,66,58,47,36,29,1.8,1.6,3.7,5.3,4.8,4.4,3.9,3.1,4.2,3.1,2.8,3.1,60,0.38908969852202235,0.017807403353505648,-6.4735672844328676,46.583333333333336,3.4833333333333334,46
St. Petersburg,Florida,263255,0.0755,61.8,4223,43,57,34,42.4,0.9,0.47,0.36,98,5011,4,56,57,62,68,73,77,78,79,77,72,63,60,2.4,1.8,2.8,2,2.8,7.3,7.6,8.9,7.1,2.3,1.4,1.3,43,-1.8884745302057053,0.06643826776554461,-6.3600072748088605,68.5,3.975,47
Athens,Georgia,125691,0.0887,116.4,1060,45,32,0,26.7,0.9,0.35,0.42,93,3562,2,32,34,41,49,57,66,69,69,63,50,39,36,4.2,3.9,4.3,4.1,3.4,4,4.5,5,3.8,4.1,3.4,5.9,39,0.0035060868511255145,0.36654096026709504,-6.329544787170438,50.416666666666664,4.216666666666667,48
New Haven,Connecticut,131014,0.0095,18.7,6948,68,66,0,30.7,0.9,0.33,0.51,111,4856,16,23,23,30,40,50,60,66,64,58,47,37,30,2.6,2.8,3.4,4.5,3.8,4.7,3.1,3.7,3.2,4.5,2.9,4.2,49,0.6879248868431409,0.09425374211315594,-6.115382731081928,44,3.6166666666666667,49
Orlando,Florida,280257,0.1761,105.2,2635,42,55,33,33.2,0.9,0.4,0.47,98,6199,3,51,53,57,63,68,73,75,76,74,68,59,55,3,2.1,2.7,2.8,4.2,8.7,8.2,7.1,7.4,3.5,1.3,1.7,36,-1.4557873489735216,0.2196997424841489,-6.050331464104576,64.33333333333333,4.391666666666667,50
Lubbock,Texas,253888,0.1059,124.6,2027,38,43,22,29.3,1,0.48,0.46,88,3002,2,26,29,38,45,54,65,68,66,59,48,35,27,0.8,0.8,1.2,1.2,3.1,2.2,2.6,2.1,3.1,1.7,0.5,0.9,26,0.3896123972199262,-0.7309873833499199,-5.968932048005719,46.666666666666664,1.6833333333333333,51
Brownsville,Texas,183299,0.0473,132.5,1387,39,40,0,30.7,0.9,0.56,0.54,78,3052,0,51,54,60,66,71,75,76,77,73,66,59,53,1.4,1.1,1.5,1.2,2.6,2.2,4.1,1.7,7.1,3.4,1.9,1.7,41,-1.548137321766661,-0.455181040908709,-5.895709260246759,65.08333333333333,2.4916666666666667,52
Allentown,Pennsylvania,121283,0.0275,17.5,6882,66,41,36,32.3,0.9,0.4,0.51,94,3194,1,20,20,28,38,48,58,63,61,54,43,33,26,3.5,3.1,3.4,3.9,3.7,5.5,6.4,5,4.5,5.4,2.8,4.9,47,1.0221882228656014,0.3305307855457008,-5.714663611804912,41,4.341666666666667,53
Tallahassee,Florida,191049,0.0533,100.4,1901,32,43,30,26.5,0.9,0.34,0.44,98,5680,0,39,40,46,53,61,70,72,73,69,57,46,43,4.1,5,4.3,4.9,2.9,7.6,6.5,8.3,3.9,2.7,3.5,5.7,36,-0.5720003910880441,0.6363802699106392,-5.657157946643466,55.75,4.95,54
Provo,Utah,117335,0.0431,41.7,2803,47,62,31,23.6,1,0.48,0.45,99,1858,0,17,24,33,38,45,54,62,60,50,39,30,21,3.9,2.5,2.5,2.5,3.1,3.6,1.9,2.7,4.4,3.2,2,2.2,47,1.2163943155140329,-0.2240667080243294,-5.459706350499575,39.416666666666664,2.875,55
College Station,Texas,113564,0.21,51,2199,33,60,0,22.6,1,0.34,0.5,99,2197,0,42,46,53,60,65,73,75,76,71,61,51,45,3.7,2.5,3.7,2.5,7.1,3.1,1.9,4.5,3.3,3.4,3.1,3.5,52,-1.0179998028400463,0.058521458969833205,-5.391264367869265,59.833333333333336,3.525,56
Paterson,New Jersey,148678,0.017,8.4,17500,81,45,48,33,0.9,0.39,0.51,115,2997,0,24,21,27,39,49,61,65,65,56,49,34,26,5,3.2,8.8,10.1,2.7,6.6,8.4,7.9,2.2,15.6,6.5,8,53,0.7843551099671238,1.4449989827034664,-5.359416187068167,43,7.083333333333333,57
Newark,New Jersey,285154,0.0289,24.1,11691,80,50,65,33,1,0.35,0.53,112,3291,0,24,25,32,43,53,63,69,67,60,49,38,31,3.8,3.3,3.9,4.1,4.5,5.5,4.4,4.8,3.2,5.1,3.3,5,53,0.4304347493205319,0.3346724487180182,-5.277760172778558,46.166666666666664,4.241666666666666,58
Laredo,Texas,260654,0.104,101.1,2544,41,40,0,28.5,1,0.54,0.55,77,2805,0,50,54,61,67,73,78,78,79,75,67,59,51,4.3,1,2.4,0.7,6.8,3.6,5,6.2,6.5,4.5,0.8,4,38,-1.653534525458347,0.029837888188904472,-5.203284278109383,66,3.8166666666666664,59
Corpus Christi,Texas,325605,0.0668,174.6,1866,41,41,29,34.7,1,0.54,0.44,91,4268,3,51,54,62,68,74,78,79,80,76,67,60,53,2.6,1.1,2.6,0.7,1.6,0.9,2.9,1.8,5.5,1,1.1,1.3,39,-1.6970173330663636,-0.6145180559106704,-5.188633125243519,66.83333333333333,1.925,60
Oklahoma City,Oklahoma,643648,0.1097,606.3,1053,33,40,16,34,1,0.53,0.47,86,4540,2,27,31,40,48,57,67,71,70,62,50,39,28,1.3,1.7,2.6,4.3,5.9,5.2,4.4,3.9,3.7,3.3,1.3,1.6,47,0.09525109703368262,-0.1164807782890391,-5.1515862547425915,49.166666666666664,3.2666666666666666,61
Cincinnati,Ohio,301301,0.0147,77.4,3860,50,35,44,32.3,0.9,0.35,0.48,89,5997,0,24,24,34,43,52,61,65,63,56,45,33,28,2.7,2.6,4.1,4.9,3.9,4.5,4.7,2.7,3.3,3.6,2.9,3.7,54,0.6952683020513939,0.10857596089884357,-5.072136979204698,44,3.6333333333333333,62
Mesa,Arizona,496401,0.1306,137.9,3514,37,57,27,36.1,1,0.54,0.43,94,2588,2,45,48,54,60,68,79,84,83,77,65,54,45,0.8,0.7,0.5,0.2,0.2,0,0.9,1.4,0.8,0.2,0.4,0.9,74,-1.1876593127639685,-1.1041610650376392,-5.063821700116368,63.5,0.5833333333333334,63
Jackson,Mississippi,166965,-0.0377,111,1524,28,32,19,32.1,0.9,0.38,0.45,83,5132,0,39,41,49,56,63,71,73,73,68,55,46,41,5,5.2,5.7,5.5,4.9,3.6,4.4,4,3.6,3.5,4,5.3,42,-0.6311889705046355,0.567601112567009,-4.882301489914409,56.25,4.558333333333334,64
Memphis,Tennessee,652236,0.0083,317.4,2056,37,38,0,33.5,0.9,0.4,0.45,82,8301,1,32,35,44,52,61,71,73,73,66,53,42,35,4.5,3.7,5.4,5.9,5.8,3.6,4.6,3.9,3.4,3.7,4.2,5.6,44,-0.32764938873710925,0.5217595971291143,-4.8659701695599935,53.083333333333336,4.525,65
Denver,Colorado,704621,0.1741,153.3,4521,61,71,48,34.2,1,0.44,0.48,115,4343,16,21,22,30,35,44,54,60,59,51,39,29,19,1.8,2,2.1,4,5.2,4.6,5.7,4.5,5.7,4.1,2.2,2.9,54,1.3145319783440919,0.04572756428663851,-4.809519491081669,38.583333333333336,3.7333333333333334,66
Denton,Texas,136268,0.2018,93.4,1433,33,39,0,28.5,0.9,0.42,0.47,91,2563,0,33,37,47,54,61,71,74,74,66,54,45,35,2.2,1.9,3.6,4,4.9,4.4,2.1,2.2,2.6,3.9,2.4,2.3,54,-0.4500460107175465,-0.1419665345473128,-4.648654668473256,54.25,3.041666666666667,67
Indianapolis,Indiana,863002,0.0519,361.5,2366,30,42,23,34,0.9,0.45,0.47,89,5746,3,20,21,32,42,52,62,65,65,57,45,33,25,3.5,2.6,4,5.3,4.8,5.7,4.9,3.3,3.4,3.2,3.3,4.1,59,0.7446057021761664,0.24880018141647253,-4.6051528777004345,43.25,4.008333333333333,68
Kansas City,Missouri,488943,0.0634,315,1528,34,32,29,35.3,0.9,0.46,0.45,90,6268,8,23,26,38,48,57,68,72,70,62,49,38,27,0.7,1.3,2.2,3.9,5,5.6,4.7,5.1,4.3,3.5,1.5,1.2,58,0.1739028588038692,-0.15938917791132134,-4.546818104226213,48.166666666666664,3.25,69
Akron,Ohio,197846,-0.0063,62,3188,45,41,0,36.7,0.9,0.42,0.43,81,4932,0,20,20,29,40,50,59,63,62,55,44,34,26,1.9,1.7,2.6,2.6,3.5,4.7,3.5,3.3,3.1,3.2,2.3,2.6,34,0.923356953945883,-0.22727328044869163,-4.536987813574787,41.833333333333336,2.9166666666666665,70
Savannah,Georgia,146444,0.0745,103.6,1417,43,49,0,31.8,0.9,0.39,0.43,94,3217,0,41,42,49,56,64,71,74,74,69,59,48,45,7.1,6.3,7.9,7.4,7.2,9.3,9.2,11.3,9.3,8.4,4.8,7.5,40,-0.7809105217181787,1.7654536180501532,-4.368871885274612,57.666666666666664,7.9750000000000005,71
Lincoln,Nebraska,284736,0.102,92.1,3044,43,58,24,32.3,1,0.51,0.46,92,2580,1,13,16,28,39,49,61,65,62,53,40,28,16,0.6,0.8,1.3,3.3,5.7,5.4,3.1,4.4,4.6,3.2,1,1.5,34,1.1607011569986259,-0.305653892466129,-4.133159967892647,39.166666666666664,2.908333333333333,72
Springfield,Massachusetts,154758,0.0111,31.9,4830,59,44,40,32.6,0.9,0.38,0.49,102,3846,7,16,16,26,36,46,55,61,58,51,41,30,23,5.4,5.5,6.7,5.7,6.3,7.6,7.3,8.2,7.9,8.1,5.8,6.5,39,1.3229205478523771,1.3005228896147945,-4.015016437935358,38.25,6.75,73
Atlanta,Georgia,486290,0.1578,133.5,3539,49,41,46,33.5,1,0.34,0.43,105,5712,11,36,35,43,47,55,66,70,72,65,54,40,35,6.4,5.5,8.9,5.5,7.3,6.1,12.8,6.1,1.4,3.9,5.3,4.9,52,-0.11577184178214898,1.1834106629738461,-4.010829915418029,51.5,6.175,74
Madison,Wisconsin,255214,0.0944,77,3280,49,63,38,30.8,1,0.42,0.45,108,3037,6,14,18,30,38,50,59,66,61,51,40,33,20,2.9,1.6,2.6,5.8,5.4,6.3,3.9,5.2,2.8,8.9,2.9,3.2,42,1.0942355682957456,0.25489730678447037,-3.918989882490567,40,4.291666666666667,75
Wichita Falls,Texas,104747,0.0019,72.2,1450,30,39,0,32.8,1.1,0.49,0.48,78,3468,12,32,37,44,53,61,71,73,73,68,56,44,35,2.1,1.1,0.9,0.6,5.6,3.4,4.4,3.7,7.4,2.6,1.4,1.9,26,-0.416957548182713,-0.3203611544738925,-3.8720091145105524,53.916666666666664,2.925,76
Las Vegas,Nevada,641676,0.0992,134.4,4709,41,44,34,37.4,1,0.48,0.45,100,3562,6,38,43,49,55,64,71,79,77,68,57,48,37,6.1,3.9,1,0.6,0.2,0.5,1.7,2.7,3.4,8.6,1.8,2.9,54,-0.7441597552075089,-0.2669603258458355,-3.866397710870032,57.166666666666664,2.783333333333333,77
Pasadena,Texas,153520,0.03,43.5,3525,44,44,0,31.2,1,0.53,0.53,87,2912,11,46,50,57,63,68,75,77,77,73,64,55,49,3.8,2.3,4,4.9,7.1,3.9,4,8,4.6,4,3.6,4,52,-1.3346844034397212,0.410382208806357,-3.8569597745242175,62.833333333333336,4.516666666666667,78
Tuscaloosa,Alabama,100287,0.1085,71.7,1399,33,32,0,28.6,0.9,0.38,0.43,92,4596,0,36,38,46,52,60,69,71,71,65,52,43,39,5.8,6.2,6.3,6.7,3.8,5.1,4.5,4.8,4,3.5,4.4,6.1,30,-0.327169588328853,0.8054666040237822,-3.689276623129671,53.5,5.1,79
Washington,District of Columbia,693972,0.1533,61.1,11148,53,99,67,33.8,0.9,0.34,0.43,152,5105,0,28,29,37,47,56,67,72,70,63,52,40,33,2.7,2.3,3.2,3.4,4.6,5.3,4.2,3.2,3.5,5,2.5,3.8,49,0.05907289835486092,0.060448011988052705,-3.6012924634259336,49.5,3.6416666666666666,80
Saint Paul,Minnesota,306621,0.0756,52,5815,84,59,0,31.4,1,0.43,0.53,101,4216,0,17,20,34,48,59,70,75,72,64,50,37,21,0.5,0.7,1.6,3.9,4.5,5.7,4.4,5.8,3.4,3.2,1.4,1.2,44,0.20405796477579435,-0.25825375181785326,-3.5796851396672054,47.25,3.025,81
Macon,Georgia,152663,0.6712,249.3,612,31,28,0,35.8,0.9,0.47,0.43,84,5212,0,47,49,57,64,72,79,81,80,75,64,54,50,4.1,4.5,3.4,4.5,2.5,4.7,5.2,4.7,3.6,2.3,3.2,6.4,41,-1.3902615410508912,0.33763290696243436,-3.5576769936130033,64.33333333333333,4.091666666666667,82
Baton Rouge,Louisiana,225374,-0.0179,85.9,2651,41,43,0,31.3,0.9,0.39,0.41,95,6621,1,44,45,51,58,66,72,74,74,70,58,49,45,5.2,5,3.1,3.2,5.7,3,5.2,7.9,6.9,5.6,2.7,9.3,46,-0.8974004136972341,0.7290901486541072,-3.5179428936729646,58.833333333333336,5.233333333333333,83
Cambridge,Massachusetts,113630,0.0805,6.4,17289,87,96,72,30.5,1,0.35,0.41,175,2098,7,23,22,29,40,50,59,66,64,58,48,37,28,3.2,3.2,3.8,3.7,3.8,4.7,4.1,3.5,3,5,3.3,4.6,47,0.7183287778647628,0.18196462518791479,-3.511593790847905,43.666666666666664,3.825,84
Glendale,Arizona,246709,0.0882,59.1,4161,40,53,34,33.9,1,0.48,0.47,93,5019,8,41,44,50,56,64,75,83,81,74,60,49,41,3.6,1.5,2.3,5.5,8.4,0.2,8.1,6.2,2.8,0.9,1.4,2.9,74,-0.8866786167807247,0.07756176398923549,-3.432383810935944,59.833333333333336,3.65,85
Dayton,Ohio,140371,-0.0082,55.7,2522,46,44,0,33.3,0.9,0.36,0.46,83,5219,1,21,22,33,42,52,61,64,63,56,44,33,27,4.7,4.9,6.6,6.8,6.8,7.3,8.6,6.8,6.6,6.5,6.1,6.1,48,0.7759311308837633,1.2171100356119686,-3.3120671711762064,43.166666666666664,6.483333333333333,86
Portland,Oregon,647805,0.1097,133.5,4793,65,81,51,36.8,1,0.46,0.45,123,6193,12,34,36,39,42,48,53,57,58,53,47,40,34,4.9,3.4,4.8,3,2.8,1.7,0.5,0.5,1.8,3.7,6.2,6.2,38,0.7147899216868031,0.10118494321150837,-3.1881240109075626,45.083333333333336,3.2916666666666665,87
Bridgeport,Connecticut,146579,0.0163,16.1,9064,68,50,0,33.2,0.9,0.39,0.49,108,3238,0,23,23,30,41,50,60,67,66,59,48,38,29,3.3,3.6,4,4.3,3.9,4.9,3.5,4.2,3.8,4.7,3,5.4,47,0.620883823983888,0.2826671565907771,-3.147331304271486,44.5,4.05,88
Waco,Texas,136436,0.0932,89,1510,34,38,0,28.5,1,0.45,0.48,85,4102,0,35,39,47,54,62,71,74,74,67,55,46,37,2.9,2.1,4.2,3.7,5.5,3.7,2.2,2.3,3.5,4.5,2.3,1.9,39,-0.5304711954998934,-0.072258032547361,-3.110339201937603,55.083333333333336,3.2333333333333334,89
Charlotte,North Carolina,859035,0.1745,305.4,2757,26,30,27,33.8,0.9,0.48,0.5,99,4479,5,30,32,39,47,56,65,68,68,62,48,37,34,3.5,2.9,4.2,3.9,3.8,4.2,3.6,4.2,3.8,3,3.5,4.7,42,0.17200408293212774,0.178434626473326,-3.040067487743308,48.833333333333336,3.775,90
Warren,Michigan,135022,0.0072,34.4,3928,43,43,0,39.2,0.9,0.52,0.44,87,2647,6,20,20,29,39,50,61,65,64,57,46,34,26,1.7,1.6,2.3,3,3.7,3.2,3.8,4.4,3.5,1.9,2.3,2.1,52,0.8218716947804632,-0.27098893008576996,-3.023129913825319,42.583333333333336,2.7916666666666665,91
Toledo,Ohio,276491,-0.0373,80.7,3451,46,45,0,35.3,0.9,0.43,0.47,87,4960,1,22,16,28,38,49,61,63,64,56,48,33,22,3.8,1.6,3.5,6.2,2.5,4.9,7.4,8.9,4.4,2.8,4.5,4.2,36,0.9167700998577745,0.40731731912088026,-2.997263008790021,41.666666666666664,4.558333333333334,92
Norwalk,California,106084,0.0051,9.7,10946,58,50,43,34.9,1,0.51,0.42,131,2252,16,46,48,51,54,58,62,66,66,65,59,52,45,2.3,1.7,1,0.5,0.3,0,0.1,0,0.2,0.4,0.6,2.5,74,-0.488074400719454,-0.9595446566355559,-2.935249622102848,56,0.7999999999999999,93
Lakeland,Florida,108054,0.1091,65.9,1615,36,46,0,40.3,0.9,0.51,0.37,92,4010,0,51,53,57,63,67,73,74,75,73,66,58,56,2.8,2,2.6,1.9,3.6,10.9,10.6,9.7,8.9,3.6,1.8,1.2,36,-1.389949487245162,0.37282725923854476,-2.821205443886844,63.833333333333336,4.966666666666667,94
Hollywood,Florida,153627,0.0913,27.3,5568,55,54,34,42.6,1,0.49,0.41,105,3318,0,61,61,64,69,74,77,78,79,77,75,68,66,1.4,3.3,3.3,2.8,3.9,9.1,7.5,6.4,7,6,2.1,3.5,41,-2.0993154973023254,0.37449499512029344,-2.680732839059958,70.75,4.691666666666666,95
Tyler,Texas,104991,0.0835,56.6,1852,35,34,0,33.1,0.9,0.51,0.44,91,3582,0,38,42,49,56,64,72,75,75,68,57,48,41,3.6,2.8,4.3,3.8,4.4,3.9,2.8,3.5,3.1,4.4,3.4,4,35,-0.7373555571190633,0.1319450659954868,-2.5909061195116427,57.083333333333336,3.6666666666666665,96
Springfield,Missouri,167376,0.0494,82.3,2033,38,49,0,32.8,0.9,0.45,0.42,85,10192,8,23,25,36,45,54,64,68,66,58,46,35,26,2.4,2.1,3.8,5.2,5.9,4.7,4.3,4,5.4,4,3.2,3,39,0.5006469497371498,0.20002169932740127,-2.5639478827176,45.5,4,97
Newport News,Virginia,179388,-0.0074,69.1,2631,35,40,26,32.9,0.9,0.47,0.45,100,3541,0,32,32,40,49,58,67,71,70,64,53,41,36,2.8,2.6,3,3.5,3.9,4.5,5.3,5.4,5.3,6,3.5,3.6,39,-0.08952020565130309,0.21532313221117114,-2.5198908546472514,51.083333333333336,4.116666666666666,98
Clearwater,Florida,115513,0.0727,25.9,4415,43,56,29,43.8,1,0.52,0.36,99,3669,1,52,54,59,65,70,75,76,77,76,69,60,58,2.9,2.4,2.5,2.3,2.7,9.4,9.2,9.7,6.4,2,1.1,1.3,43,-1.631755183599441,0.19253765895228497,-2.4341283961413946,65.91666666666667,4.325,99
Knoxville,Tennessee,187347,0.0474,98.5,1891,31,25,0,33,0.9,0.42,0.42,81,6338,1,29,31,39,47,56,65,68,67,61,48,37,32,4.8,3.6,4.5,5.5,3.6,3.8,5.6,4,4.4,3.4,4.1,6.2,46,0.22232871177712396,0.47195919901905153,-2.3974468131861153,48.333333333333336,4.458333333333333,100
Charleston,South Carolina,134875,0.1232,109,1233,40,48,23,34,0.9,0.46,0.38,115,2581,0,38,39,45,53,62,70,73,73,68,56,45,42,2.9,3.7,3.1,3.4,3.4,6.6,6.5,8,5.9,5.6,2.9,3.7,36,-0.5378240923562958,0.40398587818388604,-2.289798882624058,55.333333333333336,4.641666666666667,101
Albuquerque,New Mexico,558545,0.0233,188.2,2972,43,60,30,36,1,0.48,0.46,95,8735,6,25,29,35,42,50,62,66,64,58,46,34,26,0.4,0.4,0.3,0.5,0.5,0.5,1.9,1.5,1.5,0.9,0.3,0.8,51,0.6171509308932411,-1.0562664459199753,-2.233940565067358,44.75,0.7916666666666666,102
Sacramento,California,501901,0.0759,97.9,5059,47,66,34,34.2,1,0.47,0.48,116,3612,7,38,41,44,47,52,57,59,58,56,50,43,38,3.3,3.1,2.9,1.8,0.5,0.3,0,0,0.1,1.2,1.6,3.8,55,0.3423836569493899,-0.597085600806113,-2.083107830981462,48.583333333333336,1.55,103
South Bend,Indiana,102245,0.0106,41.4,2457,43,56,0,33.2,0.9,0.44,0.51,82,6052,0,17,18,28,38,48,58,62,60,53,43,32,22,3.1,2.2,2.7,3.6,4.2,4.2,4.5,4.9,4,4.5,2.6,2.8,51,1.1283391258620106,0.03103729672371507,-2.044873387090345,39.916666666666664,3.6083333333333334,104
Durham,North Carolina,267743,0.1726,109.8,2395,29,36,29,33.3,0.9,0.46,0.48,95,4619,0,31,31,39,48,56,65,69,69,62,49,38,34,2.7,2.6,4.3,4.1,4.1,4.8,5.2,4.9,5.5,3.4,3.8,4.1,35,0.1200422005268239,0.2680076296810926,-2.044596713655794,49.25,4.125,105
Raleigh,North Carolina,464758,0.1507,145.1,3163,30,37,29,32.9,0.9,0.46,0.51,105,2909,4,31,31,39,48,56,65,69,69,62,49,38,34,2.7,2.6,4.3,4.1,4.1,4.8,5.2,4.9,5.5,3.4,3.8,4.1,43,0.1200422005268239,0.2680076296810926,-2.0137642118248604,49.25,4.125,106
Mesquite,Texas,143949,0.0295,47.2,3045,36,37,0,32.3,0.9,0.52,0.51,93,4072,12,36,39,48,55,62,71,73,73,66,55,47,38,5.2,4.8,3.6,3.9,8.5,6.3,4,4.1,2.2,4.6,3.4,7,54,-0.535267109208438,0.6051593796115663,-1.984424312892703,55.25,4.8,107
Fresno,California,527438,0.0663,114.4,4563,46,57,31,30.2,1,0.46,0.53,105,4406,2,38,42,46,49,56,62,69,67,62,54,45,38,2,1.7,1.6,1.4,0.3,0.2,0,0,0.1,0.4,0.9,2,80,-0.1464929738480795,-0.9161949041547285,-1.9742959522750878,52.333333333333336,0.8833333333333333,108
Fort Worth,Texas,874168,0.1794,342.9,2491,34,36,20,32,1,0.52,0.54,96,3776,0,36,40,49,55,64,73,75,75,68,56,48,36,2.4,2,4.7,3.5,3.9,5.1,3.3,2.1,3.5,2.9,2.9,1.6,54,-0.6662373060227073,-0.09659595147876855,-1.9222207973275873,56.25,3.158333333333333,109
Fort Wayne,Indiana,265904,0.0481,110.6,2391,29,40,22,34.9,0.9,0.52,0.47,87,3537,0,17,18,28,38,49,59,62,60,53,42,31,23,2.9,2.4,3.1,4,4.9,5.1,4.1,4.4,3.3,2.9,3.2,3.1,47,1.1178490619225625,0.07100505435405889,-1.8816748105434775,40,3.6166666666666667,110
Green Bay,Wisconsin,105116,0.0102,45.4,2316,41,47,28,34,1,0.48,0.5,87,2511,0,10,11,22,34,45,55,59,57,49,39,29,16,1.7,1,1.7,3.2,3.5,4,4.2,3.6,3.4,3.1,2.1,2.1,40,1.5948112406272,-0.30319585061900306,-1.8388346846450643,35.5,2.8,111
Fort Collins,Colorado,165080,0.1465,55.8,2943,36,77,29,29.3,1,0.45,0.47,110,2755,0,18,20,28,34,43,52,57,56,50,38,27,16,2.6,0.5,1.4,3.7,4.4,2.1,2.6,2.6,1.8,2.2,1.2,0.4,46,1.5380235961519908,-0.5430889745320948,-1.764091322803532,36.583333333333336,2.125,112
Des Moines,Iowa,217521,0.0693,88.9,2424,45,38,29,33.7,1,0.49,0.51,86,5083,5,14,17,30,41,51,62,66,64,56,43,31,18,0.9,1.2,2.2,4.9,4.9,6.5,4.2,5.1,3.7,3.2,1.8,2.1,41,0.9443814385656567,-0.08633000114978101,-1.7214797456958488,41.083333333333336,3.3916666666666666,113
Topeka,Kansas,126587,-0.007,61.5,2062,34,52,21,36.9,0.9,0.52,0.45,88,5742,0,19,22,34,44,53,65,68,66,57,44,33,22,1,1.5,2.6,4.2,5.6,5.5,4.4,5.2,4.4,3.3,1.6,1.8,36,0.6484049463040723,-0.07240202949124537,-1.6942555990199009,43.916666666666664,3.4250000000000003,114
Jersey City,New Jersey,270753,0.0935,14.8,17848,87,54,71,33.7,1,0.47,0.47,146,2316,1,24,25,32,43,53,63,69,67,60,49,38,31,3.8,3.3,3.9,4.1,4.5,5.5,4.4,4.8,3.2,5.1,3.3,5,53,0.4304347493205319,0.3346724487180182,-1.6558402296928043,46.166666666666664,4.241666666666666,115
Greensboro,North Carolina,290222,0.0762,128.3,2237,29,30,0,34.7,0.9,0.46,0.47,90,4288,2,29,30,38,47,56,65,69,68,61,49,37,33,3.1,2.4,3.5,3.7,3.7,4.5,4.1,4.6,4.3,3.7,3.7,3.8,38,0.19580612420418247,0.12536282943809354,-1.5759114873305515,48.5,3.7583333333333333,116
Mobile,Alabama,190265,-0.0248,139.4,1384,33,33,0,36.6,0.9,0.47,0.41,91,6194,1,42,44,51,59,65,73,74,75,71,60,49,46,4.5,4.6,5.1,5.2,5.3,5.5,6.3,7.3,3.9,4.3,3.3,6.3,31,-0.9354335193604496,0.7188823519772952,-1.5087870043250111,59.083333333333336,5.133333333333333,117
Norfolk,Virginia,244703,0.0078,53.3,4599,45,45,36,30.2,1.1,0.41,0.47,108,4305,6,35,36,43,52,61,70,74,73,68,58,46,40,3.1,2.5,3.5,3.5,4.2,4.9,4.8,6.1,5.7,5.5,3.3,3.5,39,-0.4871306564270673,0.2531102132367952,-1.4987588121315114,54.666666666666664,4.216666666666667,118
Aurora,Colorado,366623,0.1278,153.5,2356,43,53,39,34.1,1,0.51,0.51,106,3612,16,21,22,30,35,44,54,60,59,51,39,29,19,1.8,2,2.1,4,5.2,4.6,5.7,4.5,5.7,4.1,2.2,2.9,54,1.3145319783440919,0.04572756428663851,-1.4799684566554676,38.583333333333336,3.7333333333333334,119
Shreveport,Louisiana,192036,-0.0365,107.1,1820,32,36,0,35.1,0.9,0.46,0.44,88,6529,0,38,41,49,56,64,72,75,75,68,56,47,40,4.3,3.4,4.7,4.5,3.6,3.4,4,2.7,3,4.1,4.1,4.3,43,-0.7054669330748841,0.23499396885039123,-1.4553493371753738,56.75,3.841666666666667,120
West Palm Beach,Florida,110222,0.1031,55.1,1963,42,48,0,39.6,0.9,0.44,0.37,105,5647,0,57,57,61,66,71,74,76,77,75,71,65,62,2.6,2.5,3.3,3.9,5.7,8.1,6,9.4,7.5,6.3,2.8,3.9,29,-1.7906059127917262,0.5461961312045988,-1.4439908600898612,67.66666666666667,5.166666666666667,121
Norman,Oklahoma,122843,0.1074,178.8,683,30,55,0,30.3,1,0.46,0.44,94,2994,0,29,35,45,50,61,68,70,72,67,54,43,30,6.5,3.2,8.3,3.9,10.4,15.7,13.1,12.2,8.9,6,2.1,3.9,47,-0.20679515330021564,1.532625643511994,-1.2831701644023141,52,7.85,122
Irving,Texas,240373,0.1113,67,3557,43,39,31,32,1,0.53,0.54,96,2766,0,38,42,50,58,65,75,78,78,72,60,49,41,3,2.1,2.7,3.8,5.4,4.7,1.5,3,2.8,3.5,3.3,3,54,-0.9597021891394311,-0.06746484104788351,-1.24111989740109,58.833333333333336,3.2333333333333334,123
Evansville,Indiana,118930,0.0128,47.3,2526,42,42,0,36.6,0.9,0.48,0.45,83,5700,0,25,26,36,45,55,64,67,66,58,46,35,29,3.8,3.1,4.7,5.9,4.9,4.3,5.2,3.2,4.2,3.9,4.1,4.8,48,0.46087296152096097,0.40697862976072613,-1.230232188451826,46,4.341666666666667,124
Hampton,Virginia,134669,-0.0201,51.5,2629,33,40,27,35.6,0.9,0.48,0.41,100,3536,0,36,32,39,48,56,67,72,72,66,58,44,36,4.5,3.5,3.7,7.6,6.5,11.3,6.5,7.8,3.2,16.2,6.3,6.5,39,-0.20904472931328477,1.2641921052803007,-1.2254088581032425,52.166666666666664,6.966666666666667,125
San Diego,California,1419516,0.0858,325.2,4325,51,39,37,34.2,1,0.48,0.45,146,2210,13,49,51,54,56,60,62,66,67,66,61,55,49,1.7,1.8,1,0.6,0.4,0,0.2,0,0.2,0.5,0.9,2.2,61,-0.6879697244411961,-0.9625605588480479,-1.2242102618672166,58,0.7916666666666667,126
Salt Lake City,Utah,200544,0.0756,111.2,1742,57,70,44,31.8,1.1,0.46,0.47,105,8928,13,20,27,33,38,46,57,67,64,54,42,32,22,1.3,1.1,1.8,2.4,2,0.9,0.5,0.7,1.3,1.2,1.2,1.6,47,0.9273639578477363,-0.7815630375639562,-1.1859809703146522,41.833333333333336,1.3333333333333333,127
Elizabeth,New Jersey,130215,0.042,12.3,10459,81,54,43,33.3,1,0.41,0.53,118,4339,0,24,25,32,43,53,63,69,67,60,49,38,31,3.8,3.3,3.9,4.1,4.5,5.5,4.4,4.8,3.2,5.1,3.3,5,53,0.4304347493205319,0.3346724487180182,-1.149053370436995,46.166666666666664,4.241666666666666,128
Gresham,Oregon,111053,0.0517,23.3,4786,43,63,41,35.2,1,0.52,0.49,111,3645,12,36,38,40,42,48,53,56,56,52,46,42,35,4.7,3.2,5.2,3.6,2.8,2.1,0.5,0.4,1.6,4.5,6.5,5.1,38,0.7120887124468456,0.11274427709009767,-1.096504741575347,45.333333333333336,3.35,129
Abilene,Texas,121885,0.0412,106.7,1146,31,37,0,31.2,1.1,0.51,0.43,88,2847,0,32,36,44,52,60,69,72,72,64,53,42,33,1.1,1.3,1.9,2.2,3.6,3.2,2.5,3.1,2.8,2.6,1.3,1.2,33,-0.24231235556236752,-0.5027469498619616,-1.0728975391176458,52.416666666666664,2.2333333333333334,130
Odessa,Texas,116861,0.1693,45.2,2608,42,41,0,30.8,1,0.54,0.48,90,3409,1,35,37,44,49,60,68,70,70,66,55,42,33,1.1,1.6,4.6,4.7,10.4,2.6,3.2,10.9,6.3,12.5,3.8,2.2,30,-0.22178449286324767,0.5989565042982535,-1.0565412303980715,52.416666666666664,5.325,131
Garland,Texas,238002,0.049,57,4122,39,38,29,34.1,1,0.56,0.49,94,3349,12,37,41,47,55,62,71,74,74,69,58,47,40,6.3,4.5,6.1,8.2,8.7,9.1,9,8.4,9.7,13.3,7.5,7.9,54,-0.6465928558827623,1.786199244828264,-0.9940271900787939,56.25,8.225,132
West Valley City,Utah,136170,0.0517,35.5,3847,36,40,36,30.4,1,0.54,0.55,97,4819,13,20,27,33,38,46,57,67,64,54,42,32,22,1.3,1.1,1.8,2.4,2,0.9,0.5,0.7,1.3,1.2,1.2,1.6,47,0.9273639578477363,-0.7815630375639562,-0.9874520587885083,41.833333333333336,1.3333333333333333,133
Tulsa,Oklahoma,401800,0.0252,196.8,2048,40,44,23,34.9,1,0.5,0.47,93,6496,4,27,30,41,49,58,69,72,71,62,50,39,29,1.5,1.8,3.1,5.1,6.1,4.8,4.1,4.1,4.1,3.5,2.5,2.5,48,0.020768709104673808,0.038005741829918345,-0.9390765187055262,49.75,3.5999999999999996,134
Eugene,Oregon,168916,0.0815,44.1,3777,45,71,36,33.9,1,0.44,0.43,113,4116,1,33,34,37,38,43,47,51,51,47,42,37,32,4.9,4.3,5,2.6,2.2,1.2,0.4,0.3,1.2,3.6,6,6.7,36,1.21522036223607,0.10197878106269652,-0.9310812938205587,41,3.2,135
Chandler,Arizona,253458,0.0734,64.9,3813,35,53,24,35,1,0.56,0.51,106,2589,8,45,48,54,60,68,79,84,83,77,65,54,45,0.8,0.7,0.5,0.2,0.2,0,0.9,1.4,0.8,0.2,0.4,0.9,74,-1.1876593127639685,-1.1041610650376392,-0.9026428868948939,63.5,0.5833333333333334,136
Fargo,North Dakota,122359,0.1593,49.3,2450,44,46,25,30.5,1,0.46,0.49,97,3538,0,1,3,18,32,44,55,59,56,48,37,22,6,0.9,0.6,1,1.7,3.3,4.6,2.6,3,3.1,2.4,0.7,1.1,35,1.9436987297904071,-0.6070122486169479,-0.89879688415206,31.75,2.0833333333333335,137
Beaumont,Texas,119114,0.0069,82.1,1441,33,38,0,33.8,0.9,0.49,0.47,89,5399,0,42,46,52,58,65,73,74,74,70,59,50,45,4.2,3.1,4.2,4.2,4.7,4.9,8.6,7.6,6.8,5.3,4.1,4.9,44,-0.9168356951621818,0.6445818879361959,-0.8868154817301489,59,5.216666666666667,138
Santa Ana,California,334136,0.0296,27.1,12333,66,58,46,30.5,1,0.49,0.53,135,2579,4,48,49,52,54,59,62,66,66,65,60,54,48,2.3,1.9,0.9,0.6,0.3,0,0.1,0,0.2,0.5,0.7,2.4,85,-0.5749418387981052,-0.9473212544516024,-0.8344679938288614,56.916666666666664,0.825,139
Omaha,Nebraska,466893,0.1417,133.2,3356,45,40,0,34.2,1,0.51,0.48,89,4527,3,14,16,29,40,50,62,66,64,55,42,29,17,0.6,0.9,1.5,3.8,5.2,4.9,3.1,6.1,3.7,3,1,1.7,48,1.0230505343074312,-0.2694944113908162,-0.8161728433210451,40.333333333333336,2.9583333333333335,140
Kansas City,Kansas,152938,0.0491,124.8,1216,32,25,22,33.3,1,0.48,0.49,84,3214,0,23,26,38,48,57,68,72,70,62,49,38,27,0.7,1.3,2.2,3.9,5,5.6,4.7,5.1,4.3,3.5,1.5,1.2,58,0.1739028588038692,-0.15938917791132134,-0.7782855708619407,48.166666666666664,3.25,141
Palm Bay,Florida,111657,0.0821,65.7,1676,13,37,0,40.8,0.9,0.55,0.4,94,2409,3,52,53,58,63,68,73,75,75,74,69,61,57,3.2,3.2,3.4,3.4,4.6,7.8,7.6,7.2,8.3,6,2.8,2.7,35,-1.4995831347464053,0.49223660088383925,-0.7077714865619403,64.83333333333333,5.016666666666667,142
North Las Vegas,Nevada,242975,0.1199,98,2436,33,42,31,31.5,1,0.5,0.52,99,3401,0,38,43,49,55,64,71,79,77,68,57,48,37,6.1,3.9,1,0.6,0.2,0.5,1.7,2.7,3.4,8.6,1.8,2.9,54,-0.7441597552075089,-0.2669603258458355,-0.6496524360371445,57.166666666666664,2.783333333333333,143
Miramar,Florida,140328,0.1498,29.4,4709,30,42,24,35.9,0.9,0.48,0.51,112,1878,0,59,60,63,68,72,75,76,77,76,72,66,64,2.4,2.8,2.4,3.4,4.3,6.8,8.1,7.5,8.3,6.6,3.1,3,41,-1.9233067765414467,0.4239993595490525,-0.624820089495558,69,4.891666666666667,144
Las Cruces,New Mexico,101712,0.0419,76.9,1323,34,43,0,32.1,1,0.48,0.46,91,4725,0,31,34,40,47,54,66,69,67,61,50,38,32,0.4,0.1,0.1,0.1,0.3,0.2,1.9,1.5,1.4,0.5,0.3,0.5,51,0.15042893052362016,-1.1342770303715817,-0.6082757368197478,49.083333333333336,0.6083333333333333,145
Wilmington,North Carolina,119045,0.118,51.6,2278,34,48,20,35.4,0.9,0.45,0.41,105,4242,1,36,37,44,52,59,69,72,72,66,54,44,39,4.9,5.9,5.1,4.3,6.7,7.2,6.9,8.8,12.9,10.5,8.6,7,39,-0.35650203230324773,1.4791455543825809,-0.528881685114449,53.666666666666664,7.4,146
El Monte,California,116109,0.0232,9.6,12063,60,54,0,35.4,1,0.51,0.45,131,2812,16,46,48,51,54,58,62,66,66,65,59,52,45,2.3,1.7,1,0.5,0.3,0,0.1,0,0.2,0.4,0.6,2.5,74,-0.488074400719454,-0.9595446566355559,-0.4785623598593248,56,0.7999999999999999,147
Midland,Texas,136089,0.2244,74.4,1809,41,40,0,31.9,1,0.58,0.47,103,2198,1,34,38,46,55,62,71,73,73,66,56,44,36,0.6,0.3,0.3,0.6,1,0.6,1.2,0.6,1.7,0.4,0.2,0.3,30,-0.4686921376879672,-1.1076827151949589,-0.47041646550663063,54.5,0.65,148
Cape Coral,Florida,183365,0.1883,105.6,1703,17,37,0,45,0.9,0.59,0.37,98,1694,4,55,56,59,64,69,74,75,76,74,69,61,59,3,1.9,2.3,2.2,3.2,9.9,10.4,10.7,9.1,4,1.5,1.8,33,-1.6051185025139008,0.383709365338477,-0.4394991691619575,65.91666666666667,5,149
Montgomery,Alabama,199518,-0.0304,159.8,1252,27,32,16,35.1,0.9,0.46,0.46,88,5061,0,38,40,48,55,63,71,73,73,68,56,45,42,10.3,9,9.6,9.2,10.1,10.6,10.1,7.8,7.6,8.8,9.5,11.5,37,-0.6085967113475512,2.522900527335365,-0.267294887647517,56,9.508333333333333,150
San Angelo,Texas,100119,0.0742,59.9,1681,32,36,0,32.8,1,0.53,0.45,90,4690,0,32,36,44,52,60,69,71,71,64,52,42,34,1.1,1.2,1.8,1.8,4.1,2.4,1.3,2.9,3.3,2.1,0.8,1,30,-0.21543563297866677,-0.5969641604400449,-0.26278586435185614,52.25,1.9833333333333334,151
Lafayette,Louisiana,126848,0.0516,53.8,2372,42,45,0,34,1,0.45,0.45,95,5116,0,44,47,54,60,67,73,75,75,71,60,51,46,5.6,4.5,3.3,4.9,5.8,5.8,5.9,7.6,5.5,3.6,4.1,5.9,44,-1.0530821241944648,0.7096670085437623,-0.13396587220528666,60.25,5.208333333333333,152
Peoria,Illinois,112883,-0.0185,48.2,2371,39,40,0,34.1,0.9,0.47,0.47,93,4973,2,17,18,31,41,51,62,65,64,56,44,33,22,2.3,2.1,3.1,4.7,4.4,5.4,3.4,3.5,4.1,3.4,2.9,2.7,48,0.8665851986940688,0.012785549740583553,-0.12336857395824849,42,3.5,153
Lowell,Massachusetts,111346,0.0453,13.6,8129,64,44,37,32.9,1,0.42,0.47,124,2264,0,21,20,28,39,49,57,64,62,55,45,35,26,2.4,2.6,3.3,3.4,3.7,4.9,4,3.5,3.6,4.5,2.9,3.7,36,0.9353799056648232,0.03858550981904641,-0.1074563870012723,41.75,3.5416666666666665,154
Amarillo,Texas,199826,0.0479,101.4,1968,39,41,0,33.4,1,0.56,0.47,85,5127,0,23,25,34,41,50,62,65,64,57,44,33,24,0.8,0.7,1.2,1.4,2.7,2.4,3.5,4.2,2,1.7,0.7,0.7,40,0.7400962774561389,-0.6798920042127373,-0.08918768527849988,43.5,1.8333333333333333,155
Lakewood,Colorado,154958,0.0838,42.9,3599,43,56,38,38.1,1,0.51,0.4,113,5503,16,19,20,28,33,42,53,59,57,49,37,28,18,0.5,0.5,0.9,2,2.3,2,2.3,2.1,1.7,1.3,0.4,0.5,54,1.5002584102140706,-0.8375550988848376,-0.07434503082854813,36.916666666666664,1.375,156
Chattanooga,Tennessee,179139,0.0684,143.1,1241,29,30,26,37,0.9,0.46,0.42,91,7052,0,31,32,41,49,57,66,70,70,63,50,38,35,5,3.9,4.8,6,3.7,3.4,5.5,4.2,4.5,4.3,4.5,6.5,44,0.014858967461969894,0.5738499594388546,-0.07384050683482259,50.166666666666664,4.691666666666666,157
Fort Lauderdale,Florida,180072,0.0879,34.6,5166,59,56,39,42,1.1,0.43,0.37,114,6121,2,60,60,64,69,72,75,77,77,76,73,66,64,1.9,1.8,3.4,3.2,4.2,5.9,6.2,6.9,8.2,4.9,3.8,2.8,41,-1.969701081570367,0.2758047704857342,-0.05737228969261968,69.41666666666667,4.433333333333334,158
Killeen,Texas,145482,0.1373,53.5,2680,28,34,0,28.1,1,0.57,0.57,87,3582,0,40,44,51,59,65,73,76,76,70,60,50,42,3.1,1.6,5,3.3,5.5,2.9,1.9,1.5,3.6,4.3,1.4,1.8,36,-0.9280637108014758,-0.16191044236457208,0.07163871485834,58.833333333333336,2.9916666666666667,159
Waterbury,Connecticut,108629,-0.0157,28.5,3799,48,25,0,34.7,0.9,0.42,0.47,102,4336,16,21,21,29,39,49,57,63,61,55,44,35,27,3.9,4.4,7.7,9.6,9,12.4,9.8,7.9,6.6,10.7,4.9,3.7,49,0.9475114495692866,1.531134941722298,0.08356590897093166,41.75,7.55,160
Pembroke Pines,Florida,170712,0.1084,33,5109,32,41,24,39.9,0.9,0.56,0.45,112,2367,1,59,60,63,68,72,75,76,77,76,72,66,64,2.4,2.8,2.4,3.4,4.3,6.8,8.1,7.5,8.3,6.6,3.1,3,41,-1.9233067765414467,0.4239993595490525,0.19140763895332097,69,4.891666666666667,161
Spokane,Washington,217108,0.0392,68.7,3144,48,48,36,35.8,1,0.49,0.46,94,7858,1,25,28,32,36,43,50,57,55,47,39,32,25,2,1.4,2.4,1.3,1.2,2,0.5,0.4,0.6,1.7,2,2.4,39,1.3343375700629427,-0.7055771313564685,0.23014014212487244,39.083333333333336,1.4916666666666667,162
Rockford,Illinois,147051,-0.0381,63.5,2325,42,42,0,36,1,0.49,0.48,83,5156,0,14,15,27,37,47,58,62,61,53,42,30,18,1.7,1.6,2.7,4.3,3.4,5.1,4.9,5.3,2.8,2.9,2.4,2.5,31,1.240100146327964,-0.08398244869378398,0.2638092714929658,38.666666666666664,3.3,163
Wichita,Kansas,390591,0.0215,160.4,2431,35,43,20,34.4,1,0.53,0.47,91,6558,0,21,24,36,45,54,66,70,68,59,46,34,23,0.6,1.4,2.4,3.6,6,5.9,4.8,5.8,3.8,2.5,1.3,1.3,39,0.4698353033486524,-0.13712874476743647,0.284044615632118,45.5,3.283333333333333,164
Pompano Beach,Florida,110473,0.1064,24,4558,47,53,34,41.7,1.1,0.46,0.37,102,5663,0,63,59,64,65,72,74,77,78,76,75,67,63,2.4,2.1,7,2.8,5.5,13.8,5.4,4.4,7.5,16,10.6,2,41,-1.967544772606187,1.0613941552393091,0.3695851653524488,69.41666666666667,6.625,165
Long Beach,California,469450,0.0156,50.3,9347,70,61,51,34.2,1,0.44,0.49,140,3330,0,46,48,51,53,57,61,65,65,63,59,52,46,2.6,2.5,1,0.6,0.3,0,0.2,0,0.3,0.5,0.7,2.7,74,-0.41910332876675693,-0.8833077264222496,0.46781312700407585,55.5,0.9500000000000001,166
Coral Springs,Florida,133037,0.0986,23.8,5465,38,44,29,36.4,0.9,0.52,0.52,119,2172,0,60,60,64,69,72,75,77,77,76,73,66,64,1.9,1.8,3.4,3.2,4.2,5.9,6.2,6.9,8.2,4.9,3.8,2.8,41,-1.969701081570367,0.2758047704857342,0.4997011872456,69.41666666666667,4.433333333333334,167
Springfield,Illinois,114868,-0.0119,60.1,1925,34,44,0,38.6,0.9,0.49,0.44,91,5810,0,20,22,34,44,54,64,66,64,57,46,36,26,2.1,1.9,2.9,4.3,4.5,5.5,4.3,3.2,3.7,3.7,2.5,2.8,35,0.6177886261391522,-0.02089240692422207,0.49981157018478584,44.416666666666664,3.45,168
Westminster,Colorado,112812,0.0631,31.7,3592,37,51,32,36.3,1,0.57,0.46,106,3424,16,21,22,30,35,44,54,60,59,51,39,29,19,1.8,2,2.1,4,5.2,4.6,5.7,4.5,5.7,4.1,2.2,2.9,54,1.3145319783440919,0.04572756428663851,0.6166596060099174,38.583333333333336,3.7333333333333334,169
Worcester,Massachusetts,185677,0.0256,37.4,4933,56,36,35,34,1,0.42,0.45,118,2913,4,18,18,25,37,48,55,63,61,55,44,33,25,3.2,3.5,3.5,4.2,3.9,5.6,3.4,5.3,4.1,5.7,3.4,4.8,38,1.102301333578381,0.31224017680148325,0.660399369024347,40.166666666666664,4.216666666666667,170
Boulder,Colorado,107125,0.1,24.8,4358,58,86,50,28.7,1.1,0.36,0.44,142,3070,1,18,21,30,36,43,54,59,56,49,38,28,17,1.2,1.5,1.6,0.2,2.4,1.1,2.1,1.1,0.2,2.1,2.6,0.7,42,1.4445402783962802,-0.7745189284610906,0.7398444831218864,37.416666666666664,1.4000000000000001,171
San Bernardino,California,216995,0.0337,61.5,3516,42,40,37,28.9,1,0.42,0.53,107,5159,0,44,45,47,50,55,59,65,65,63,56,49,44,1.6,1.2,0.7,0.5,0.2,0,0.2,0.1,0.2,0.2,0.5,1.9,85,-0.21425452358594954,-1.053459861846306,0.7763861069214055,53.5,0.6083333333333333,172
Peoria,Arizona,168181,0.0916,175.7,934,29,43,14,39.2,0.9,0.58,0.45,107,2290,8,41,44,50,56,64,75,83,81,74,60,49,41,3.6,1.5,2.3,5.5,8.4,0.2,8.1,6.2,2.8,0.9,1.4,2.9,74,-0.8866786167807247,0.07756176398923549,0.8018665412480406,59.833333333333336,3.65,173
Sioux Falls,South Dakota,176888,0.1495,75.4,2312,37,42,17,34.3,1,0.54,0.48,93,3308,1,8,10,24,35,45,57,61,59,51,38,24,11,0.6,0.9,1.3,3,3.9,5.2,3.2,4.4,3.2,3.1,1,1.4,40,1.5857447004405008,-0.407234094556489,0.8029198281873036,35.25,2.6,174
Anchorage,Alaska,294356,0.0087,1706.6,175,32,0,21,32.8,1,0.52,0.48,130,6619,0,9,12,15,30,41,49,54,51,43,31,14,11,0.5,0.5,0.6,0.4,0.5,1.1,1.9,2.9,3.5,1.5,0.6,0.8,29,2.231766348757083,-0.9153507824850329,0.8362793563901377,30,1.2333333333333334,175
Gilbert,Arizona,242354,0.1626,68,3487,29,51,15,33.3,1,0.6,0.55,109,1471,8,45,48,54,60,68,79,84,83,77,65,54,45,0.8,0.7,0.5,0.2,0.2,0,0.9,1.4,0.8,0.2,0.4,0.9,74,-1.1876593127639685,-1.1041610650376392,0.88433572317942,63.5,0.5833333333333334,176
Greeley,Colorado,105448,0.1352,47.8,2176,40,49,0,30.7,1,0.51,0.49,95,2987,0,8,17,28,34,43,51,58,55,47,36,24,9,0.3,0.2,3.1,2.5,3,12.6,5,4.3,3.5,1.4,0.5,1,41,1.7628259335087193,-0.2612003808343061,0.8981534042538636,34.166666666666664,3.1166666666666667,177
Pueblo,Colorado,111127,0.0425,53.6,2058,38,46,0,37.3,1,0.49,0.44,86,7220,0,14,18,26,33,43,54,59,58,49,36,23,14,0.3,0.5,0.7,1.7,1.8,1,2.1,2.3,0.8,0.8,0.3,0.4,22,1.6112305012384067,-0.9438624133185977,0.9902616410858485,35.583333333333336,1.0583333333333333,178
Jurupa Valley,California,106028,0,42.9,2414,46,40,21,31.5,1,0.51,0.48,120,2795,16,44,45,47,50,55,59,65,65,63,56,49,44,1.6,1.2,0.7,0.5,0.2,0,0.2,0.1,0.2,0.2,0.5,1.9,85,-0.21425452358594954,-1.053459861846306,1.0292987331710641,53.5,0.6083333333333333,179
Rialto,California,103562,0.0443,22.3,4633,38,42,30,29.2,1,0.5,0.53,116,2003,16,43,47,48,50,55,58,65,65,60,57,50,43,11.6,9.6,2.1,4.1,4.8,0.1,0.2,2.3,2.1,4.3,7.7,3.3,85,-0.19729725053687605,0.5994060994054299,1.0386225116593715,53.416666666666664,4.35,180
Lewisville,Texas,106021,0.1126,36.7,2852,37,36,0,32.3,1,0.52,0.55,99,2273,12,39,42,51,58,66,75,77,78,71,60,50,40,7.1,2.6,7.1,9.9,11.4,5.8,2,1.4,0.5,14.4,8.2,6.1,54,-0.9631113800365638,1.2184083627237203,1.0770618160203758,58.916666666666664,6.375,181
Carrollton,Texas,135710,0.1395,36.3,3674,34,36,21,36.5,1,0.59,0.49,102,1874,12,39,42,51,58,66,75,77,78,71,60,50,40,7.1,2.6,7.1,9.9,11.4,5.8,2,1.4,0.5,14.4,8.2,6.1,54,-0.9631113800365638,1.2184083627237203,1.1336632818938386,58.916666666666664,6.375,182
Downey,California,113092,0.0118,12.4,9134,59,52,0,34,0.9,0.5,0.48,141,3175,16,46,48,51,53,57,61,65,65,63,59,52,46,2.6,2.5,1,0.6,0.3,0,0.2,0,0.3,0.5,0.7,2.7,74,-0.41910332876675693,-0.8833077264222496,1.160463504241269,55.5,0.9500000000000001,183
Moreno Valley,California,207226,0.0717,51.3,4006,30,35,29,30.1,0.9,0.49,0.51,117,3449,16,41,44,46,47,53,55,63,63,56,51,46,39,10,5.7,2.7,1.7,2.2,1.2,0,0.1,1,3.9,19.8,4.9,85,0.1448837577901156,0.6355185954453995,1.2587149926537748,50.333333333333336,4.433333333333334,184
Independence,Missouri,117306,0.0041,77.8,1504,26,25,20,40.1,0.9,0.54,0.4,85,6277,0,22,24,38,47,56,66,70,68,60,48,38,26,0.7,1.3,2.5,4.5,5.7,5.1,4.6,4.7,3.4,3.5,2,1.5,58,0.3224025432576538,-0.11586273905675168,1.329073640946373,46.916666666666664,3.2916666666666665,185
Columbia,South Carolina,133114,0.0297,133.5,1006,38,34,0,28.2,1.1,0.35,0.45,101,6020,0,36,38,45,54,62,70,73,73,67,55,43,41,3,3.4,3.2,2.8,3.4,4.6,4.7,5.5,4.2,4,2.8,4.3,42,-0.4826636710097876,0.15301583187079962,1.3293651287158108,54.75,3.825,186
Fayetteville,North Carolina,209889,0.0465,147.7,1386,21,29,0,30.7,1,0.5,0.46,94,4981,0,34,35,43,52,60,68,72,71,65,53,42,38,2.6,3.1,2.9,3.7,3.7,4.9,4.4,5.2,5.2,3.7,3.2,3.6,37,-0.2650173720412662,0.14745076326030934,1.3725270216855503,52.75,3.85,187
Salem,Oregon,169798,0.098,48.6,3445,42,61,31,34.6,1,0.51,0.49,106,4621,0,34,35,37,39,45,50,54,54,50,43,38,33,5.6,4.1,5.4,2.9,2.3,1.3,0.3,0.4,1.8,4.1,6.7,7.4,31,1.0086807803019384,0.22862270973606896,1.377152857139197,42.666666666666664,3.525,188
Alexandria,Virginia,160035,0.1434,15,10387,60,58,54,36.2,0.9,0.48,0.44,151,1734,0,28,29,37,47,56,67,72,70,63,52,40,33,2.7,2.3,3.2,3.4,4.6,5.3,4.2,3.2,3.5,5,2.5,3.8,49,0.05907289835486092,0.060448011988052705,1.4116473100677627,49.5,3.6416666666666666,189
Stockton,California,310496,0.0644,61.7,4977,42,51,28,31.8,1,0.5,0.53,108,5042,0,36,39,43,46,51,56,59,59,56,49,41,36,2.6,2,2,1.5,0.3,0.2,0.1,0.1,0.2,0.7,1.2,2.5,57,0.4370388966518847,-0.8123572171387144,1.478944626194637,47.583333333333336,1.1166666666666667,190
Thornton,Colorado,136978,0.1533,35.7,3829,32,50,24,33,1,0.57,0.54,105,3045,16,21,22,30,35,44,54,60,59,51,39,29,19,1.8,2,2.1,4,5.2,4.6,5.7,4.5,5.7,4.1,2.2,2.9,54,1.3145319783440919,0.04572756428663851,1.4843720460658538,38.583333333333336,3.7333333333333334,191
Colorado Springs,Colorado,464474,0.1154,195.6,2378,36,42,19,34.5,1,0.56,0.47,100,3741,0,23,25,31,34,42,57,60,57,54,42,31,22,1.5,1.5,2.8,5.2,7.4,4.1,5.3,5.2,3.3,4.1,2,1.2,44,1.195601500802817,0.021337338496987067,1.5191006488585066,39.833333333333336,3.6333333333333333,192
Salinas,California,157596,0.0476,23.6,6662,53,50,31,30.1,1,0.48,0.56,121,3674,0,40,43,44,45,50,53,55,55,53,49,45,41,2.9,2.9,2.5,1.8,0.5,0.1,0,0.1,0.2,0.7,0.9,2.4,36,0.48703021935126845,-0.7335343087068401,1.5402101742788017,47.75,1.25,193
Vancouver,Washington,175673,0.0858,46.9,3728,41,59,35,36.5,1,0.52,0.46,111,3460,0,34,36,39,42,48,53,57,57,52,46,40,34,5.4,3.7,4.9,2.9,2.6,1.7,0.5,0.4,1.5,3.7,6.2,6.2,38,0.7467411010944344,0.1188105154532259,1.5562230408290676,44.833333333333336,3.3083333333333336,194
Aurora,Illinois,200965,0.0155,44.9,4479,40,53,22,32,1,0.54,0.57,98,1580,0,18,16,29,38,49,60,60,62,54,45,30,16,4.1,3.2,3.7,5.9,4,4.6,9.3,8.2,2.4,5,3.4,2.7,60,1.1267089595841708,0.4757169089178056,1.6005933130924683,39.75,4.708333333333333,195
West Jordan,Utah,113905,0.0983,32.3,3520,27,37,29,30.5,1,0.59,0.55,105,3323,13,20,27,33,38,46,57,67,64,54,42,32,22,1.3,1.1,1.8,2.4,2,0.9,0.5,0.7,1.3,1.2,1.2,1.6,47,0.9273639578477363,-0.7815630375639562,1.6097376321085766,41.833333333333336,1.3333333333333333,196
Arlington,Texas,396394,0.0847,95.8,4100,37,37,0,32.8,1,0.51,0.49,96,3715,0,39,43,51,58,65,74,76,77,70,59,50,41,11,3.5,1.7,2.9,7.5,16.6,10.9,0.9,10.9,23.8,4.1,11,54,-0.91114485662852,1.7367389278242433,1.6224019467640334,58.583333333333336,8.733333333333334,197
Reno,Nevada,248853,0.1049,107.3,2286,38,47,28,35.3,1,0.47,0.48,110,3759,2,24,28,32,37,45,53,61,58,50,40,30,23,1.4,1.1,0.6,0.5,0.6,0.3,0.3,0.2,0.1,0.8,0.6,1.1,50,1.1824089978212617,-1.0620196942467186,1.6342900230515331,40.083333333333336,0.6333333333333333,198
Modesto,California,214221,0.0649,43,4934,45,46,30,35.3,1,0.53,0.47,109,4932,0,38,42,46,49,54,60,64,63,59,52,44,38,2.4,1.9,1.7,1.3,0.4,0.2,0,0,0.1,0.7,1.1,2.3,55,0.065867097766049,-0.8620397188847797,1.6602746115825255,50.75,1.0083333333333333,199
Arvada,Colorado,118807,0.1163,38.6,3043,39,49,29,40.7,1,0.59,0.41,109,2928,16,21,22,30,35,44,54,60,59,51,39,29,19,1.8,2,2.1,4,5.2,4.6,5.7,4.5,5.7,4.1,2.2,2.9,54,1.3145319783440919,0.04572756428663851,1.6615066895397503,38.583333333333336,3.7333333333333334,200
Seattle,Washington,724745,0.1907,83.8,8405,73,70,60,35.8,1,0.45,0.41,159,5891,13,36,37,40,43,49,54,58,58,54,47,40,36,5.1,3.8,4.9,3.1,2.2,1.5,0.4,0.6,1.6,3.9,6.6,6.1,49,0.6182253068557345,0.12556950826046057,1.670126179392333,46,3.3166666666666664,201
Clinton,Michigan,100712,0.0405,28.1,3573,44,46,0,35.3,1.1,0.63,0.57,88,311,6,18,17,28,38,49,58,61,60,53,42,32,24,1.6,1.5,1.8,2.9,3,3.5,3.5,2.9,2.5,2,2.3,2,38,1.125558315220824,-0.3935177240790812,1.7657573027926576,40,2.4583333333333335,202
Columbus,Georgia,194058,0.022,216.4,913,26,27,0,33.6,1,0.48,0.48,93,5091,0,38,39,47,54,62,70,73,73,67,56,45,41,4.8,5.5,4.9,5.1,3.5,4.3,4.3,5.4,2.9,2.8,3.9,6.6,39,-0.5455238418394345,0.552611378634985,1.878817027415769,55.416666666666664,4.5,203
Richardson,Texas,116783,0.177,28.6,3963,43,47,32,37.3,1,0.61,0.44,106,2148,0,39,42,51,58,66,75,77,78,71,60,50,40,7.1,2.6,7.1,9.9,11.4,5.8,2,1.4,0.5,14.4,8.2,6.1,54,-0.9631113800365638,1.2184083627237203,1.8825888472631052,58.916666666666664,6.375,204
Little Rock,Arkansas,198606,0.0263,118.7,1673,32,28,19,35.9,0.9,0.48,0.43,95,8566,0,33,36,45,53,61,71,73,73,66,53,43,36,3.6,3.7,5.6,6.5,7,3.1,4.4,3.6,3.5,4.3,5.1,6.4,47,-0.3741867867783898,0.6183686163219743,1.8878624238108412,53.583333333333336,4.733333333333333,205
Yonkers,New York,202019,0.0308,18,11156,71,36,53,38.5,0.9,0.5,0.45,151,1406,8,27,27,34,45,54,64,71,70,64,53,42,34,3.5,2.9,3.8,4.4,4.2,4.9,4.3,5,3.3,5.1,3.2,4.9,53,0.14399192004784228,0.2834751168709197,1.9274560886134475,48.75,4.125,206
Rochester,Minnesota,115733,0.084,54.6,2088,30,56,0,35.4,1,0.57,0.49,93,2054,0,11,13,27,38,49,60,63,61,55,42,28,18,1.4,2.9,3.1,4.5,8.1,7.4,6.6,6.2,5.2,5.3,2.3,2.2,37,1.2053001146890967,0.36692885239472794,1.967940963373728,38.75,4.6,207
Sterling Heights,Michigan,132631,0.0226,36.5,3628,32,37,0,41.1,1,0.6,0.38,95,1316,6,19,16,26,37,47,60,63,64,56,47,33,23,4.3,3.4,4.2,4.3,5.6,4.6,4.5,8,5,3,4.4,4.3,52,0.9967679501389938,0.4846636298032624,2.0448985344114474,40.916666666666664,4.633333333333333,208
Billings,Montana,109642,0.0525,43.7,2525,35,43,0,36.9,0.9,0.55,0.45,98,5951,0,17,19,27,34,42,51,59,56,48,38,27,16,0.5,0.5,1.1,1.7,3,1.7,0.9,1,1.6,1.7,0.8,0.9,24,1.576636671029485,-0.8549868013836438,2.0606538547546918,36.166666666666664,1.2833333333333334,209
Pomona,California,152939,0.026,23,6630,52,45,35,31,1,0.45,0.49,125,3487,2,40,41,44,47,52,57,62,61,59,52,44,39,1.6,1.4,0.8,0.4,0.3,0,0.1,0,0.1,0.3,0.4,2,85,0.18888583996471503,-1.043841556017493,2.0616787145514888,49.833333333333336,0.6166666666666667,210
Berkeley,California,122324,0.0866,10.5,11547,81,85,59,31.4,0.9,0.36,0.4,190,5450,6,41,45,47,49,52,54,56,57,55,52,47,42,2.8,3.1,2.9,1.8,0.4,0.3,0,0,0.1,1,1.9,4.1,43,0.26343844985744297,-0.5975426612477566,2.098014639192894,49.75,1.5333333333333332,211
Henderson,Nevada,302539,0.1739,104.7,2798,30,37,24,41.6,1,0.56,0.41,108,2018,0,35,40,47,53,61,73,80,77,68,56,44,35,1.8,1.8,0.9,1.6,1.2,1.7,2.1,3,2.5,2,1.8,2.7,54,-0.5887601925406731,-0.5865342478357142,2.1292469751294836,55.75,1.925,212
Surprise,Arizona,134085,0.141,107.9,1230,21,44,0,39.9,0.9,0.66,0.4,106,1877,8,41,44,50,56,64,75,83,81,74,60,49,41,3.6,1.5,2.3,5.5,8.4,0.2,8.1,6.2,2.8,0.9,1.4,2.9,74,-0.8866786167807247,0.07756176398923549,2.190599787115444,59.833333333333336,3.65,213
Davie,Florida,105149,0.143,34.9,2919,29,44,16,37.6,1,0.5,0.47,110,2864,0,59,60,63,68,72,75,76,77,76,72,66,64,2.4,2.8,2.4,3.4,4.3,6.8,8.1,7.5,8.3,6.6,3.1,3,41,-1.9233067765414467,0.4239993595490525,2.228912433214399,69,4.891666666666667,214
Garden Grove,California,174226,0.0196,18,9714,61,54,39,37.4,1,0.54,0.45,142,2821,16,45,47,50,52,57,60,64,64,62,57,50,44,7.4,5.5,2.6,1.3,2.3,0.1,0.5,0.2,5.2,1.7,2.9,7.6,74,-0.2919740823240987,0.031100297312369917,2.314909143476313,54.333333333333336,3.1083333333333334,215
Oxnard,California,210037,0.0613,26.9,7729,53,51,33,31.4,1,0.5,0.51,133,2976,0,47,47,49,50,53,57,60,60,58,55,50,46,3.1,2.7,1.4,1,0.2,0,0,0,0.1,0.5,0.6,2.1,48,-0.059768807672563797,-0.8635091854709503,2.321243031836164,52.666666666666664,0.975,216
Joliet,Illinois,148462,0.007,64.4,2302,34,42,17,33.4,1,0.53,0.55,96,2134,5,18,19,31,41,50,60,64,62,55,44,33,23,2.5,2.8,4.5,4.9,4.7,5.4,5.7,6.8,5.4,5.7,4.9,3.7,60,0.9248707579336931,0.48642818284819833,2.3234002953134487,41.666666666666664,4.75,217
Plano,Texas,286143,0.1012,71.7,3990,39,48,17,38.5,1,0.62,0.5,111,1884,12,39,42,51,58,66,75,77,78,71,60,50,40,7.1,2.6,7.1,9.9,11.4,5.8,2,1.4,0.5,14.4,8.2,6.1,54,-0.9631113800365638,1.2184083627237203,2.4384480100252652,58.916666666666664,6.375,218
Port St. Lucie,Florida,189344,0.1503,118.9,1557,14,34,0,41.1,1,0.57,0.4,101,1226,2,55,51,58,58,67,72,74,74,73,72,62,56,1.7,2.4,5.3,8.9,6.5,10.4,11.4,5.5,5.3,8,6,7.8,29,-1.433564498548427,1.1823638995993484,2.445734448771417,64.33333333333333,6.6,219
Hillsboro,Oregon,106894,0.1668,25,4207,45,71,38,34,1,0.58,0.5,117,2245,0,32,33,38,39,45,48,53,51,44,42,33,33,4.1,3,4.8,2.9,4.8,2.1,1.3,1.2,2.8,3.8,7.5,11.3,38,1.2124504433425727,0.44184819669996556,2.499495029065057,40.916666666666664,4.133333333333333,220
High Point,North Carolina,111513,0.0684,55.2,2015,26,28,0,36.1,0.9,0.51,0.48,96,4376,0,29,30,38,47,56,65,69,68,61,49,37,33,3.1,2.4,3.5,3.7,3.7,4.5,4.1,4.6,4.3,3.7,3.7,3.8,40,0.19580612420418247,0.12536282943809354,2.5469648988883944,48.5,3.7583333333333333,221
Riverside,California,327728,0.0785,81.2,3999,41,45,33,31.4,1,0.48,0.48,122,3567,0,44,45,47,50,55,59,65,65,63,56,49,44,1.6,1.2,0.7,0.5,0.2,0,0.2,0.1,0.2,0.2,0.5,1.9,85,-0.21425452358594954,-1.053459861846306,2.6349272099863987,53.5,0.6083333333333333,222
Vista,California,101568,0.0824,18.7,5436,43,27,34,32.9,1,0.51,0.48,134,1810,13,48,49,51,54,58,61,65,66,64,59,53,48,1.8,2,1.1,0.7,0.4,0,0.1,0.1,0.1,0.5,1,2.7,61,-0.5044834760246417,-0.9181225718729908,2.6588258087974856,56.333333333333336,0.875,223
Ventura,California,110790,0.0409,21.8,5027,82,56,0,38.9,1,0.54,0.43,144,3725,16,56,56,57,58,60,63,65,65,65,64,60,55,3.1,2.7,1.4,1,0.2,0,0,0,0.1,0.5,0.6,2.1,48,-0.8899977713456457,-0.8635091854709503,2.677938495628313,60.333333333333336,0.975,224
El Cajon,California,103894,0.0444,14.5,7156,56,42,38,34.1,1,0.5,0.49,130,2642,0,45,47,50,53,57,61,65,66,64,58,51,46,1.9,2.2,1,0.7,0.4,0,0.2,0,0.2,0.5,0.9,2.5,61,-0.40193975016576755,-0.9182291151976334,2.6899731847352237,55.25,0.875,225
Elgin,Illinois,112456,0.0394,37.4,2998,41,49,29,33.6,1,0.55,0.53,106,1599,0,16,17,30,39,49,59,63,62,54,43,32,21,1.4,1.2,2.2,3.8,4.5,4.4,4.1,3.8,3.4,3.1,1.9,2.1,60,1.0554637836045588,-0.2200710443878975,2.715770464626742,40.416666666666664,2.9916666666666667,226
Richmond,California,110040,0.0611,30.1,3648,56,50,43,35.8,0.9,0.47,0.46,135,4641,0,39,43,45,47,52,56,58,57,56,50,45,40,3.3,3,1.8,1.9,0.6,0,0,0,0,1.4,1.2,2.3,43,0.3181869518013515,-0.7263051206233352,2.8144418706457337,49,1.2916666666666665,227
North Charleston,South Carolina,110861,0.1374,73.7,1483,26,38,0,32.2,1,0.43,0.47,100,6574,0,38,39,45,53,62,70,73,73,68,56,45,42,2.9,3.7,3.1,3.4,3.4,6.6,6.5,8,5.9,5.6,2.9,3.7,36,-0.5378240923562958,0.40398587818388604,2.887435152489878,55.333333333333336,4.641666666666667,228
Virginia Beach,Virginia,450435,0.0284,244.7,1850,33,41,20,35.4,1,0.56,0.46,118,2072,0,33,33,40,49,58,67,72,71,65,54,43,37,3.4,3.4,3.8,4.2,4.3,5.7,5.7,4.7,5.3,6,4.1,4.2,39,-0.17170464338572516,0.4219363410174154,2.9107495542886737,51.833333333333336,4.566666666666666,229
Roseville,California,135329,0.1392,43,3085,36,59,20,38.5,0.9,0.6,0.48,130,2636,16,37,40,43,46,51,57,59,58,55,49,42,37,3.3,2.9,2.6,1.6,0.5,0.3,0,0,0.1,0.9,1.8,3.4,55,0.41945024668154723,-0.6449233480299069,2.9434469800307257,47.833333333333336,1.45,230
Cedar Rapids,Iowa,132228,0.0467,70.8,1852,35,37,0,35.7,1,0.54,0.48,91,4036,0,12,14,28,39,50,60,63,61,53,42,29,17,0.8,1,2.1,4.6,3.9,7,4.8,4.7,4,3.1,2.1,1.9,42,1.183727490611358,-0.12272789651613684,2.9766134264465887,39,3.3333333333333335,231
Grand Prairie,Texas,193837,0.1051,72.3,2637,32,33,0,32.5,1,0.55,0.5,95,2732,0,39,43,51,58,65,74,76,77,70,59,50,41,11,3.5,1.7,2.9,7.5,16.6,10.9,0.9,10.9,23.8,4.1,11,54,-0.91114485662852,1.7367389278242433,2.999645953159293,58.583333333333336,8.733333333333334,232
Fontana,California,211815,0.0803,43,4876,36,39,29,30.2,1,0.51,0.55,122,2101,16,43,47,48,50,55,58,65,65,60,57,50,43,11.6,9.6,2.1,4.1,4.8,0.1,0.2,2.3,2.1,4.3,7.7,3.3,85,-0.19729725053687605,0.5994060994054299,3.042143538257854,53.416666666666664,4.35,233
Murfreesboro,Tennessee,136372,0.2539,55.9,2360,24,37,0,30.3,1,0.49,0.51,99,3728,0,36,32,43,48,56,67,71,73,64,52,41,34,7.2,3.3,6.3,4.8,4.4,3.3,2.2,1.6,4,9.6,6.3,6,45,-0.12239666536564933,0.6516677821830362,3.043562890492956,51.416666666666664,4.916666666666667,234
Bakersfield,California,380874,0.0961,148.8,2529,37,41,27,30.4,1,0.53,0.54,112,4548,0,39,42,46,49,57,64,71,70,64,54,45,38,1.1,1,0.7,0.7,0.3,0,0,0,0.1,0.2,0.5,1.3,79,-0.2673744221430086,-1.1043520878994182,3.1512250323932633,53.25,0.4916666666666667,235
League City,Texas,104903,0.2554,51.2,1992,21,34,0,35.4,1,0.63,0.53,101,1723,11,46,49,56,62,69,75,76,77,73,63,54,49,3.7,2.4,3.2,5,4.7,4.2,5.7,7.4,4.1,5.3,4.1,3.8,52,-1.2904393537458283,0.37142144749981953,3.2119694331265918,62.416666666666664,4.466666666666667,236
Visalia,California,133010,0.0689,37.5,3495,38,47,0,31.7,0.9,0.54,0.53,108,3673,0,38,40,44,48,54,60,65,63,58,50,42,36,4.2,3.7,3.5,4.2,1.1,3,0.5,0.2,2.3,4.6,3.1,5.6,74,0.15293482775155068,-0.055348309024603186,3.364460873311987,49.833333333333336,3,237
Davenport,Iowa,102320,0.0264,62.9,1631,42,41,0,35.1,1,0.52,0.46,92,5821,0,15,16,29,39,49,60,64,62,54,42,31,19,1.5,1.9,2.8,3.9,4.3,6,5.3,4.9,3.4,3.2,2.1,2.6,55,1.0859563855759322,-0.02247397644330352,3.4608649863521617,40,3.4916666666666667,238
Tacoma,Washington,213418,0.0757,49.7,4251,53,47,0,36,1,0.47,0.44,112,6388,0,36,36,41,43,48,51,55,55,51,47,40,37,6.8,2.9,6.1,3.5,3.5,1.9,3.2,0.9,3.3,3.5,6.5,9,17,0.7577261123539838,0.4768264473923261,3.4864968886440395,45,4.258333333333333,239
Glendale,California,203054,0.0591,30.4,6606,69,46,45,41,0.9,0.57,0.37,164,1676,16,45,46,49,52,56,60,65,65,63,57,50,44,3.3,2.5,2,0.6,0.2,0,0,0,0.2,0.5,0.6,2.1,74,-0.3018045075520726,-0.854005104540961,3.575569465746832,54.333333333333336,1,240
Round Rock,Texas,123678,0.2382,35.6,3396,22,33,0,33.2,1,0.56,0.56,100,2303,10,38,43,50,58,65,72,75,74,68,58,49,41,8,3.9,8.5,6.8,10.2,10.1,15.2,11.2,6.6,2.8,5,4.3,41,-0.7873354080107606,1.6264465817197968,3.6022771915456193,57.583333333333336,7.716666666666667,241
Scottsdale,Arizona,249950,0.1498,183.9,1341,32,52,26,46.3,1,0.57,0.33,124,2329,0,45,48,54,60,68,79,84,83,77,65,54,45,0.8,0.7,0.5,0.2,0.2,0,0.9,1.4,0.8,0.2,0.4,0.9,74,-1.1876593127639685,-1.1041610650376392,3.6726182615460137,63.5,0.5833333333333334,242
McKinney,Texas,181330,0.383,63,2735,61,0,0,34.6,1,0.64,0.58,101,1492,12,33,38,47,54,62,71,73,74,66,54,45,36,2.9,1.9,3.9,4.2,4.7,3.4,2.7,2.1,2.9,4.6,3.5,3.1,54,-0.4617700723769273,-0.018997315538846076,3.813941105399577,54.416666666666664,3.325,243
Allen,Texas,100685,0.1951,27.1,3715,28,54,0,35.6,1,0.64,0.59,103,1344,12,35,39,48,51,63,70,71,73,67,54,47,34,11.6,2.6,6.5,5.8,8,11,4.1,1.9,4.9,6.8,4.2,5.3,54,-0.4376389020769389,1.0118356615327337,3.9033219055454884,54.333333333333336,6.058333333333334,244
Olathe,Kansas,137472,0.0922,60.9,2225,28,47,10,34.4,1,0.62,0.55,98,1615,0,22,24,37,46,56,66,69,67,59,47,36,25,0.6,1.3,2.4,4.4,5.8,5.7,5.7,4.7,3.6,3.2,2,1.5,58,0.40842390777612536,-0.08286366103364388,3.997081883462765,46.166666666666664,3.408333333333333,245
Lancaster,California,160316,0.0235,94.3,1698,28,40,0,31.8,1,0.47,0.5,110,2824,0,30,34,40,44,53,62,68,65,56,46,36,30,1.6,1.2,0.6,0.3,0.1,0,0.2,0,0.2,0.4,0.4,1,74,0.39746182949428494,-1.1072642907381267,4.003537728351368,47,0.5,246
Vallejo,California,122105,0.0532,30.7,3951,42,33,0,38.3,0.9,0.48,0.4,127,4620,9,36,39,41,42,46,50,53,53,49,45,40,36,3.8,3.4,3,1.6,0.5,0.3,0,0,0.1,1.3,1.8,3.8,43,0.8750522098725815,-0.5579522129710217,4.101200112938989,44.166666666666664,1.6333333333333333,247
Sparks,Nevada,100888,0.1177,35.9,2810,41,48,0,37.5,1,0.55,0.47,107,3175,0,24,28,32,37,45,53,61,58,50,40,30,23,1.4,1.1,0.6,0.5,0.6,0.3,0.3,0.2,0.1,0.8,0.6,1.1,50,1.1824089978212617,-1.0620196942467186,4.250202574448841,40.083333333333336,0.6333333333333333,248
Manchester,New Hampshire,111196,0.0149,33.1,3339,48,39,0,36.6,1,0.47,0.44,115,3299,0,18,18,27,38,48,58,64,61,55,44,33,24,2.5,3,3.6,3.3,3.9,4.6,3.8,4.3,3.9,5.4,3.1,3.6,36,1.0389826762359118,0.1194304082790846,4.534246152162377,40.666666666666664,3.75,249
Sandy Springs,Georgia,106739,0.1373,37.7,2804,27,17,28,35.7,0.9,0.51,0.44,130,2217,11,33,35,43,51,59,67,70,70,64,51,40,38,4.1,4,4.2,4.1,3.8,3.6,3.9,4.7,4.6,3.4,3.5,5.1,52,-0.14392818646085617,0.3156989024327577,4.534442494395018,51.75,4.083333333333333,250
Ontario,California,175841,0.0727,49.9,3471,45,43,26,31.9,1,0.5,0.51,124,2951,0,44,45,48,51,55,60,65,65,64,57,49,43,2.3,2,1.2,0.7,0.4,0,0.1,0,0.2,0.4,0.6,2.6,85,-0.2553245642157817,-0.9192302414920757,4.605506826223826,53.833333333333336,0.875,251
San Francisco,California,884363,0.0983,46.9,18569,86,71,80,38.4,1,0.45,0.35,202,6883,9,44,46,47,49,51,54,56,56,56,54,49,44,3.2,3.4,2.7,1.7,0.3,0.2,0,0,0.1,1,1.7,4.4,43,0.197703290873879,-0.5820403075964812,4.615003880642867,50.5,1.5583333333333333,252
Santa Maria,California,107014,0.0749,22.8,4662,51,51,0,29.4,1,0.53,0.57,121,2634,0,39,41,43,44,47,51,54,55,53,50,44,39,2.7,2.3,1.9,1.1,0.3,0.2,0,0.1,0.1,0.7,1,2.3,56,0.6035734345863955,-0.8333104335270515,4.7150135070579235,46.666666666666664,1.0583333333333333,253
Overland Park,Kansas,191278,0.1033,75.1,2516,35,45,15,38.1,1,0.6,0.47,103,1895,0,23,27,39,45,57,66,69,71,62,50,37,23,4.4,4.9,5.2,4.7,8.9,15.3,9.5,10.9,4.7,8.9,4,3.3,58,0.26249828656778185,1.279962624254277,4.739099167069384,47.416666666666664,7.058333333333334,254
Broken Arrow,Oklahoma,108303,0.0956,61.7,1741,22,32,10,36.8,1,0.63,0.46,99,2306,4,29,33,45,48,60,68,70,72,65,53,41,27,7.9,4.3,4.2,4.5,9,12.1,8.7,10.5,11.8,4.8,2.6,3.8,48,-0.09521448926838914,1.2321222807438414,4.944178077733657,50.916666666666664,7.016666666666667,255
Oakland,California,425195,0.0882,55.9,7514,72,65,56,36.2,1,0.44,0.46,154,7282,1,41,45,47,49,52,54,56,57,55,52,47,42,2.8,3.1,2.9,1.8,0.4,0.3,0,0,0.1,1,1.9,4.1,43,0.26343844985744297,-0.5975426612477566,4.962111239616039,49.75,1.5333333333333332,256
Victorville,California,122441,0.0564,73.3,1668,19,32,22,29.4,1,0.49,0.52,107,3391,0,36,38,42,46,52,63,66,65,59,50,41,35,2.1,2.9,2.3,3.2,1,4.8,1,0.9,1.7,3.5,1,4.3,85,0.1719192712532515,-0.35674805003606863,5.001973977245168,49.416666666666664,2.3916666666666666,257
Huntsville,Alabama,194585,0.0804,213.4,905,23,36,12,37,1,0.51,0.42,99,5635,0,35,38,46,54,62,71,73,72,65,54,44,39,11.1,7.1,6.7,10.2,7.9,4.8,5.6,7.4,33.9,26.5,11,12.3,37,-0.4462675613816431,3.090779706651,5.040501233050564,54.416666666666664,12.041666666666666,258
Clovis,California,109691,0.147,24.2,4404,39,49,0,34.2,1,0.55,0.51,116,2894,2,38,42,46,49,56,62,69,67,62,54,45,38,2,1.7,1.6,1.4,0.3,0.2,0,0,0.1,0.4,0.9,2,80,-0.1464929738480795,-0.9161949041547285,5.07673133453319,52.333333333333336,0.8833333333333333,259
Clarksville,Tennessee,153205,0.1525,98.3,1529,18,24,0,29,1,0.56,0.54,94,3501,0,34,31,41,47,55,64,68,70,62,52,37,31,8.8,6.3,4.7,7.6,5.2,12.3,3.3,9.5,5.3,11.8,5.4,8.4,41,0.11620629062918932,1.536751364654,5.224180140465274,49.333333333333336,7.383333333333334,260
Anaheim,California,352497,0.0483,50,7021,54,49,37,33.7,1,0.52,0.49,144,2985,2,46,48,51,54,58,62,66,66,65,59,52,45,2.3,1.7,1,0.5,0.3,0,0.1,0,0.2,0.4,0.6,2.5,85,-0.488074400719454,-0.9595446566355559,5.336135331347265,56,0.7999999999999999,261
Orange,California,140560,0.0304,25.4,5532,51,54,34,35.1,1,0.52,0.45,158,1985,16,48,49,52,54,59,62,66,66,65,60,54,48,2.3,1.9,0.9,0.6,0.3,0,0.1,0,0.2,0.5,0.7,2.4,85,-0.5749418387981052,-0.9473212544516024,5.377385854053483,56.916666666666664,0.825,262
West Covina,California,107598,0.0141,16,6740,45,35,0,37.2,1,0.54,0.41,141,2782,16,46,48,51,54,58,62,66,66,65,59,52,45,2.3,1.7,1,0.5,0.3,0,0.1,0,0.2,0.4,0.6,2.5,74,-0.488074400719454,-0.9595446566355559,5.4196708973671335,56,0.7999999999999999,263
Chesapeake,Virginia,240397,0.0819,338.5,703,22,35,13,36.7,1,0.59,0.44,117,2691,0,33,32,40,49,58,66,70,69,63,52,41,36,7.3,0.6,7.4,5,6.1,7.3,5.6,5.5,17.1,3.5,3.4,3.7,39,-0.04093936319782955,0.8631397114968488,5.4913011444125726,50.75,6.041666666666667,264
Rancho Cucamonga,California,177452,0.0737,40,4413,38,43,25,36.1,1,0.54,0.47,140,2529,16,44,45,48,51,55,60,65,65,64,57,49,43,2.3,2,1.2,0.7,0.4,0,0.1,0,0.2,0.4,0.6,2.6,85,-0.2553245642157817,-0.9192302414920757,5.686271084253063,53.833333333333336,0.875,265
Palmdale,California,157519,0.0312,106,1484,25,32,0,30.4,1,0.51,0.54,113,2113,0,32,36,40,44,52,60,68,66,59,48,39,32,1.1,1.2,0.7,0.3,0.1,0,0.2,0,0.2,0.5,0.4,1,74,0.3002664643560867,-1.116662247761264,5.697360222311544,48,0.475,266
Centennial,Colorado,110250,0.0984,29.5,3727,38,44,25,41.3,1,0.65,0.43,125,3070,16,19,20,28,33,42,53,59,57,49,37,28,18,0.5,0.5,0.9,2,2.3,2,2.3,2.1,1.7,1.3,0.4,0.5,54,1.5002584102140706,-0.8375550988848376,5.985987181288121,36.916666666666664,1.375,267
Chula Vista,California,270471,0.1089,49.6,5387,42,36,35,34.1,1,0.56,0.52,136,1730,0,48,49,51,53,57,60,63,64,63,58,53,48,2.8,3.8,0.1,0,1.5,0,0,0,0.3,0,0.1,1.5,61,-0.4047609134098399,-0.9209000590610719,6.094602417083723,55.583333333333336,0.8416666666666667,268
Hayward,California,160500,0.1131,45.5,3493,53,52,40,34.6,1,0.52,0.45,145,3461,0,42,46,46,48,52,56,57,58,57,53,48,42,3.5,3.3,2.6,1.8,0.6,0.1,0,0,0.2,1.4,1.3,3.2,48,0.18209510581037333,-0.6239131969142413,6.2007072670879815,50.416666666666664,1.5,269
Escondido,California,151969,0.056,37.1,4087,42,36,30,33.3,1,0.53,0.5,131,2081,0,36,37,39,42,48,51,57,57,55,48,41,36,2.8,2.8,1.5,0.9,0.5,0,0.3,0.1,0.2,0.7,1.1,3.2,61,0.6745386781209946,-0.7769636344880743,6.499382741711351,45.583333333333336,1.175,270
Huntington Beach,California,201874,0.0625,26.9,7459,55,65,32,41.4,1,0.55,0.39,169,2347,16,48,49,52,54,59,62,66,66,65,60,54,48,2.3,1.9,0.9,0.6,0.3,0,0.1,0,0.2,0.5,0.7,2.4,74,-0.5749418387981052,-0.9473212544516024,6.582837045881636,56.916666666666664,0.825,271
Burbank,California,104834,0.0145,17.4,6003,69,59,39,39.3,0.9,0.54,0.42,161,3056,0,45,46,49,52,56,60,65,65,63,57,50,44,3.3,2.5,2,0.6,0.2,0,0,0,0.2,0.5,0.6,2.1,74,-0.3018045075520726,-0.854005104540961,6.697793902825143,54.333333333333336,1,272
Kent,Washington,128458,0.3901,33.7,3784,39,41,34,34,1,0.52,0.5,119,5731,0,35,37,39,42,47,52,56,56,53,46,40,35,5.6,3.7,5.1,3.2,2.2,1.5,0.6,1.1,1.9,4.5,7.1,6.1,49,0.7612915366624469,0.20742853116917964,6.795621348067949,44.833333333333336,3.55,273
Elk Grove,California,171844,0.1231,42.2,4022,32,41,0,35.4,1,0.59,0.51,127,1625,7,38,41,44,47,52,57,59,58,56,50,43,38,3.3,3.1,2.9,1.8,0.5,0.3,0,0,0.1,1.2,1.6,3.8,55,0.3423836569493899,-0.597085600806113,7.00186798325508,48.583333333333336,1.55,274
Santa Rosa,California,175269,0.0444,41.3,4241,44,48,28,38,0.9,0.51,0.46,149,2249,0,36,39,41,43,46,50,52,52,49,46,41,36,6,5.7,4.6,2.4,1.1,0.4,0,0,0.2,2,3.2,6.9,35,0.872249007775446,-0.04019664118505502,7.3680478395963735,44.25,2.7083333333333335,275
Concord,California,129783,0.0632,30.5,4221,45,48,30,37.7,1,0.55,0.45,147,3761,9,39,43,45,47,52,56,58,57,56,50,45,40,3.3,3,1.8,1.9,0.6,0,0,0,0,1.4,1.2,2.3,43,0.3181869518013515,-0.7263051206233352,7.404870120310001,49,1.2916666666666665,276
Antioch,California,111674,0.0909,29.4,3772,39,41,0,35.2,1,0.53,0.48,124,3960,0,39,42,46,48,52,56,58,58,57,52,44,39,2.5,2.6,2.7,1.5,0.1,0.4,0,0,0.1,0.7,1.6,3.1,57,0.28164277823780887,-0.720722211999042,7.459313296285292,49.25,1.2750000000000001,277
Honolulu,Hawaii,350395,0.039,60.5,5815,64,49,57,40.9,1,0.53,0.35,182,3021,0,66,67,68,70,71,74,75,75,74,73,71,68,1.8,1.4,2.9,1,1.2,0.4,0.6,1.1,1,1.3,2,2.9,30,-2.078707322450049,-0.698453531523358,7.504165865793193,71,1.4666666666666666,278
Everett,Washington,110079,0.0685,33.3,3275,48,53,38,35.2,1.1,0.47,0.47,129,5085,0,36,37,39,42,47,51,55,56,53,47,40,35,3.8,2.7,4.4,2.8,2.2,1.8,0.7,0.9,2,3.6,5.7,4.9,49,0.7683671044925712,-0.06769637177062704,7.572508532909229,44.833333333333336,2.9583333333333335,279
Fullerton,California,140392,0.0387,22.4,6282,54,46,34,34.6,1,0.52,0.44,154,2997,0,46,48,51,54,58,62,66,66,65,59,52,45,2.3,1.7,1,0.5,0.3,0,0.1,0,0.2,0.4,0.6,2.5,74,-0.488074400719454,-0.9595446566355559,7.612548878906376,56,0.7999999999999999,280
Murrieta,California,113326,0.0953,33.6,3324,27,22,0,33.9,0.9,0.6,0.53,132,1471,16,39,40,44,46,53,57,60,60,57,50,43,38,4.6,3.4,1.6,1.3,0.8,0.1,0.2,0.1,0.3,1.2,1.6,3.8,85,0.2942225293963027,-0.6000138770874609,7.791061286096671,48.916666666666664,1.5833333333333333,281
Pearland,Texas,119940,0.3144,46.3,2453,20,35,0,34.7,1,0.67,0.57,101,3002,0,48,51,56,60,67,74,75,77,74,62,55,48,5.3,4.1,8.6,9.7,9.5,7.9,14.6,8.5,6.1,4.7,5.9,3.1,52,-1.2566635981890468,1.5187397067168533,8.150269401222292,62.25,7.333333333333333,282
Oceanside,California,176193,0.0545,41.3,4249,35,28,33,36.8,1,0.56,0.41,135,2705,0,41,46,49,50,56,57,62,63,55,51,47,40,11.8,7,1.6,2.3,0.3,0.2,0.1,7,0.5,1.3,3.1,3.3,61,0.03385551187120537,0.0841722800675261,8.213877514017918,51.416666666666664,3.2083333333333335,283
Cary,North Carolina,165904,0.2268,56.5,2873,26,37,17,38.8,1,0.66,0.53,116,1139,0,31,31,39,48,56,65,69,69,62,49,38,34,2.7,2.6,4.3,4.1,4.1,4.8,5.2,4.9,5.5,3.4,3.8,4.1,43,0.1200422005268239,0.2680076296810926,8.247486427894357,49.25,4.125,284
Woodbridge,New Jersey,101965,0.0239,23.3,4351,57,0,40,37,1,0.61,0.46,122,1784,0,26,24,31,46,56,64,71,67,61,54,38,33,6.3,4.9,7.3,5,9.9,8.3,8.3,7.8,4.9,6.3,5.9,5.8,53,0.2633644161390816,1.3085805035417108,8.417244305016887,47.583333333333336,6.7250000000000005,285
Edison,New Jersey,102450,0.0248,30.1,3389,52,52,0,41.3,1,0.69,0.42,125,1995,0,34,32,40,55,65,73,78,75,70,62,46,39,6.3,4.9,7.3,5,9.9,8.3,8.3,7.8,4.9,6.3,5.9,5.8,53,-0.6580295103175237,1.3085805035417108,8.445922443224578,55.75,6.7250000000000005,286
Lakewood,New Jersey,102682,0.106,24.7,4079,55,48,0,17.9,1,0.58,0.77,136,1784,9,27,27,34,44,53,62,68,65,60,49,39,32,7.3,4.2,6.4,8,6.8,9.3,12.7,10.1,7.3,8.3,6.2,8.3,40,0.40271401140536917,1.6988404417479783,8.630939411955163,46.666666666666664,7.908333333333333,287
Daly City,California,107074,0.0588,7.6,14009,63,33,0,38.8,1,0.53,0.36,175,1701,9,44,46,47,49,51,54,56,56,56,54,49,44,3.2,3.4,2.7,1.7,0.3,0.2,0,0,0.1,1,1.7,4.4,43,0.197703290873879,-0.5820403075964812,8.65437466874789,50.5,1.5583333333333333,288
Fairfield,California,116266,0.1039,40.9,2806,35,39,0,34.4,1,0.55,0.47,133,3264,0,41,44,47,49,52,56,57,57,57,53,46,40,9.3,3.6,3,1.8,0,0,0.2,0,0.1,0.6,0.8,3.3,43,0.22810098574464496,-0.45221391553222695,8.8411792527865,49.916666666666664,1.8916666666666668,289
Pasadena,California,142647,0.0403,23,6176,66,66,0,37.7,1,0.49,0.39,166,2463,0,45,46,49,52,56,60,65,65,63,57,50,44,3.3,2.5,2,0.6,0.2,0,0,0,0.2,0.5,0.6,2.1,74,-0.3018045075520726,-0.854005104540961,8.956891083159002,54.333333333333336,1,290
Frisco,Texas,177286,0.5154,67.7,2417,22,32,0,36.2,1,0.7,0.64,111,1590,12,39,42,51,58,66,75,77,78,71,60,50,40,7.1,2.6,7.1,9.9,11.4,5.8,2,1.4,0.5,14.4,8.2,6.1,54,-0.9631113800365638,1.2184083627237203,9.116302778513663,58.916666666666664,6.375,291
Naperville,Illinois,147682,0.0411,38.7,3802,35,46,21,38.5,1,0.66,0.52,126,1252,5,17,18,31,40,51,60,64,62,55,44,33,22,3.1,3,5.2,4.8,5.9,6.7,4.1,7.7,3.2,7.3,3.9,3.7,60,0.9444792684973097,0.5458016556086782,9.370944755336737,41.416666666666664,4.883333333333334,292
Vacaville,California,100032,0.0823,29,3449,36,42,0,37.1,1.1,0.54,0.47,127,2322,0,37,41,45,47,52,57,60,59,56,50,43,37,5.6,4.8,4.6,2.5,0.7,0.3,0,0,0.1,1.9,2.3,4.6,43,0.3238523518867748,-0.24474557290381785,9.474011384885653,48.666666666666664,2.283333333333333,293
San Jose,California,1035317,0.0945,177.5,5777,51,59,41,36.1,1,0.56,0.48,177,2844,2,41,44,46,48,52,56,58,58,57,53,46,41,2.5,2.5,2.1,1.3,0.3,0.2,0,0,0.1,0.6,1.3,2.4,48,0.21376074247683863,-0.8017899112850971,9.50413077232605,50,1.1083333333333334,294
Santa Clarita,California,210888,0.1961,52.8,3446,34,30,0,37.7,1,0.56,0.46,141,1587,16,45,46,47,47,53,59,65,63,61,57,53,44,19.1,5.8,3.2,3,0.6,0,0,0,28.1,5.9,1.3,4,74,-0.17735517355783417,0.8460604322694596,9.761181387110136,53.333333333333336,5.916666666666667,295
Costa Mesa,California,113825,0.0351,15.7,7186,62,64,40,34.5,1.1,0.47,0.45,166,4113,0,48,49,52,54,59,62,66,66,65,60,54,48,2.3,1.9,0.9,0.6,0.3,0,0.1,0,0.2,0.5,0.7,2.4,85,-0.5749418387981052,-0.9473212544516024,10.102516082152176,56.916666666666664,0.825,296
Stamford,Connecticut,130824,0.0667,37.6,3434,54,39,38,36.4,1,0.53,0.47,155,1750,0,23,23,30,41,50,60,66,64,57,47,37,29,3,2.6,3.5,4.2,4.2,5.1,4.4,4.2,4.3,5.1,3.1,4.5,47,0.696301375637597,0.2175332558653235,10.525564801403755,43.916666666666664,4.016666666666667,297
Corona,California,167836,0.1015,39.5,4222,38,31,18,34.4,1,0.57,0.5,135,2081,0,40,38,42,44,48,53,58,59,56,48,41,36,4.3,2.6,2.9,2.8,1.6,5.5,2.7,1.5,4.5,8.5,0.9,1.5,85,0.5291701169544046,-0.13338090641491251,10.736374362054425,46.916666666666664,3.275,298
Simi Valley,California,126878,0.0213,41.5,3044,39,44,0,40,1,0.59,0.43,149,1586,16,45,46,47,47,53,59,65,63,61,57,53,44,19.1,5.8,3.2,3,0.6,0,0,0,28.1,5.9,1.3,4,74,-0.17735517355783417,0.8460604322694596,10.775209937655584,53.333333333333336,5.916666666666667,299
Renton,Washington,101379,0.1149,23.4,4314,39,34,33,35.8,1,0.52,0.49,139,5324,0,36,37,40,43,48,53,58,58,53,47,40,36,4.7,3.2,4.5,2.9,2.1,1.6,0.5,0.9,1.8,3.9,5.7,4.5,49,0.6500221672205178,-0.029986341343646482,10.91006771376764,45.75,3.025,300
Columbia,Missouri,121717,0.1218,65,1856,30,37,0,27.4,0.9,0.42,0.48,96,3432,3,21,23,35,44,53,63,67,65,57,45,35,25,2,2.1,3,5.7,4.3,4.8,5.1,3.9,4.8,3.9,2.4,2.7,375,0.6181580060919764,0.08387696343819673,11.585084078226947,44.416666666666664,3.725,301
Torrance,California,146758,0.0091,20.5,7180,64,52,37,41.7,1,0.6,0.42,167,2355,0,48,51,54,55,59,61,66,67,63,59,56,50,8.9,7.7,2.5,3.7,1.5,0,0,0,4.9,4,2.7,3.4,74,-0.6154948416788274,0.11021900722758912,11.801056810004736,57.416666666666664,3.275,302
Santa Clara,California,127134,0.0916,18.4,6845,59,72,41,34.1,1.1,0.56,0.48,188,3005,9,41,44,46,48,52,56,58,58,57,53,46,41,2.5,2.5,2.1,1.3,0.3,0.2,0,0,0.1,0.6,1.3,2.4,48,0.21376074247683863,-0.8017899112850971,12.666139901584858,50,1.1083333333333334,303
Irvine,California,277453,0.3064,65.6,4057,44,66,27,34.5,1,0.56,0.51,179,1378,1,48,49,52,54,59,62,66,66,65,60,54,48,2.3,1.9,0.9,0.6,0.3,0,0.1,0,0.2,0.5,0.7,2.4,85,-0.5749418387981052,-0.9473212544516024,13.205503831812369,56.916666666666664,0.825,304
Temecula,California,114327,0.1422,37.3,3031,28,27,0,34.3,1,0.59,0.54,135,2370,0,39,40,44,46,53,57,60,60,57,50,43,38,4.6,3.4,1.6,1.3,0.8,0.1,0.2,0.1,0.3,1.2,1.6,3.8,85,0.2942225293963027,-0.6000138770874609,13.493436576587113,48.916666666666664,1.5833333333333333,305
Sunnyvale,California,153656,0.0969,22,6944,55,71,41,35.4,1.1,0.63,0.5,202,1849,16,42,45,47,49,53,56,59,59,57,53,47,42,2.4,2.4,2,1.3,0.3,0.2,0,0,0.1,0.7,1.3,2.6,48,0.13224637434825182,-0.8046133696717349,15.178245916879517,50.75,1.1083333333333334,306
San Mateo,California,104748,0.0776,12.1,8592,64,61,0,38.9,1,0.56,0.45,203,2277,9,44,46,47,49,51,54,56,56,56,54,49,44,3.2,3.4,2.7,1.7,0.3,0.2,0,0,0.1,1,1.7,4.4,48,0.197703290873879,-0.5820403075964812,16.35700803204495,50.5,1.5583333333333333,307
Thousand Oaks,California,128995,0.0183,55.2,2335,33,26,0,42.8,1,0.6,0.43,169,1438,0,45,44,46,48,52,57,60,60,59,54,48,43,2.1,1.9,1.4,0.7,0.2,0,0.1,0,0.1,0.4,0.7,2,48,0.0647433294342023,-0.9511010917944202,17.52811690202704,51.333333333333336,0.8,308
Bellevue,Washington,144444,0.1805,33.5,4221,40,39,38,38.2,1,0.62,0.47,176,3006,0,36,37,40,43,49,54,58,58,54,47,40,36,5.1,3.8,4.9,3.1,2.2,1.5,0.4,0.6,1.6,3.9,6.6,6.1,49,0.6182253068557345,0.12556950826046057,17.58310012052351,46,3.3166666666666664,309
Fremont,California,234962,0.0975,77.5,3008,44,49,37,37.5,1,0.66,0.53,183,2333,0,42,46,46,48,52,56,57,58,57,53,48,42,3.5,3.3,2.6,1.8,0.6,0.1,0,0,0.2,1.4,1.3,3.2,48,0.18209510581037333,-0.6239131969142413,17.765110021971605,50.416666666666664,1.5,310
Carlsbad,California,115330,0.095,37.7,3023,31,25,23,42.3,1,0.61,0.44,171,2129,0,41,46,49,50,56,57,62,63,55,51,47,40,11.8,7,1.6,2.3,0.3,0.2,0.1,7,0.5,1.3,3.1,3.3,61,0.03385551187120537,0.0841722800675261,19.067879597907798,51.416666666666664,3.2083333333333335,311
